Workbook

Sheet 요약
C1: TODAY | D1: DOT | K1: * 설 연휴 | M1: * 3.1절 대체 휴일 | U1: * 근로자의 날 | V1: * 어린이날 | Y1: * 대체공휴일 | Z1: * 선거 | AH1: * DP 하계 휴무 | AI1: * DP 하계 휴무 | AK1: * 대체공휴일 | AP1: * 추석 연휴 | AR1: * 대체공휴일 | BC1: * 성탄절
C2: =TODAY() -> 46174 | D2: =WEEKNUM(C2)-1 -> 22 | AR2: * 한글날
B3: 1. 시험/양시 계획 반영 현황 (ECN) | E3: 01/05~01/10 | K3: Working Day 1 | M3: Working Day 4 | U3: Working Day 4 | V3: Working Day 4 | Y3: Working Day 4 | Z3: Working Day 4 | AH3: Working Day 4 | AI3: Working Day 1 | AK3: Working Day 4 | AP3: Working Day 3 | AR3: Working Day 3 | BC3: Working Day 4
B4: DOT | D4: SUM | E4: 1 | F4: 2 | G4: 3 | H4: 4 | I4: 5 | J4: 6 | K4: 7 | L4: 8 | M4: 9 | N4: 10 | O4: 11 | P4: 12 | Q4: 13 | R4: 14 | S4: 15 | T4: 16 | U4: 17 | V4: 18 | W4: 19 | X4: 20 | Y4: 21 | Z4: 22 | AA4: 23 | AB4: 24 | AC4: 25 | AD4: 26 | AE4: 27 | AF4: 28 | AG4: 29 | AH4: 30 | AI4: 31 | AJ4: 32 | AK4: 33 | AL4: 34 | AM4: 35 | AN4: 36 | AO4: 37 | AP4: 38 | AQ4: 39 | AR4: 40 | AS4: 41 | AT4: 42 | AU4: 43 | AV4: 44 | AW4: 45 | AX4: 46 | AY4: 47 | AZ4: 48 | BA4: 49 | BB4: 50 | BC4: 51 | BD4: 52
B5: 시험용 | C5: TEPS 요청 | D5: =SUM(E5:BD5) -> 397 | E5: =시험요청!C2 -> 17 | F5: =시험요청!D2 -> 16 | G5: =시험요청!E2 -> 7 | H5: =시험요청!F2 -> 14 | I5: =시험요청!G2 -> 17 | J5: =시험요청!H2 -> 11 | K5: =시험요청!I2 -> 6 | L5: =시험요청!J2 -> 18 | ... BD5: =시험요청!BB2 -> 0
C6: 기타 요청 | D6: =SUM(E6:BD6) -> 19 | E6: =시험요청!C6 -> 0 | F6: =시험요청!D6 -> 0 | G6: =시험요청!E6 -> 0 | H6: =시험요청!F6 -> 0 | I6: =시험요청!G6 -> 0 | J6: =시험요청!H6 -> 0 | K6: =시험요청!I6 -> 0 | L6: =시험요청!J6 -> 0 | ... BD6: =시험요청!BB6 -> 0
C7: 반영 (최종) | D7: =SUM(E7:BD7) -> 271 | E7: =시험요청!C3 -> 7 | F7: =시험요청!D3 -> 7 | G7: =시험요청!E3 -> 5 | H7: =시험요청!F3 -> 13 | I7: =시험요청!G3 -> 14 | J7: =시험요청!H3 -> 7 | K7: =시험요청!I3 -> 1 | L7: =시험요청!J3 -> 11 | ... BD7: =시험요청!BB3 -> 0
C8: 최종본 (취소) | D8: =SUM(E8:BD8) -> 12 | E8: =시험용!D$5 -> 0 | F8: =시험용!E$5 -> 0 | G8: =시험용!F$5 -> 0 | H8: =시험용!G$5 -> 0 | I8: =시험용!H$5 -> 0 | J8: =시험용!I$5 -> 0 | K8: =시험용!J$5 -> 0 | L8: =시험용!K$5 -> 1 | ... BD8: =시험용!BC$5 -> 0
B9: 양시 | C9: TEPS 요청 | D9: =SUM(E9:BD9) -> 215 | E9: =양시요청!C2 -> 12 | F9: =양시요청!D2 -> 1 | G9: =양시요청!E2 -> 10 | H9: =양시요청!F2 -> 14 | I9: =양시요청!G2 -> 13 | J9: =양시요청!H2 -> 13 | K9: =양시요청!I2 -> 9 | L9: =양시요청!J2 -> 17 | ... BD9: =양시요청!BB2 -> 0
C10: 반영 (최종) | D10: =SUM(E10:BD10) -> 131 | E10: =양시요청!C3 -> 12 | F10: =양시요청!D3 -> 0 | G10: =양시요청!E3 -> 7 | H10: =양시요청!F3 -> 7 | I10: =양시요청!G3 -> 9 | J10: =양시요청!H3 -> 8 | K10: =양시요청!I3 -> 3 | L10: =양시요청!J3 -> 9 | ... BD10: =양시요청!BB3 -> 0
C11: 최종본 (취소) | D11: =SUM(E11:BD11) -> 12 | E11: =양시!C4 -> 1 | F11: =양시!D4 -> 0 | G11: =양시!E4 -> 0 | H11: =양시!F4 -> 1 | I11: =양시!G4 -> 1 | J11: =양시!H4 -> 1 | K11: =양시!I4 -> 0 | L11: =양시!J4 -> 1 | ... BD11: =양시!BB4 -> 0
B12: TBR (시험/양시) | C12: TEPS 요청 | D12: =SUM(E12:BD12) -> 0 | E12: =TBR!D2 -> 0 | F12: =TBR!E2 -> 0 | G12: =TBR!F2 -> 0 | H12: =TBR!G2 -> 0 | I12: =TBR!H2 -> 0 | J12: =TBR!I2 -> 0 | K12: =TBR!J2 -> 0 | L12: =TBR!K2 -> 0 | ... BD12: =TBR!BC2 -> 0
C13: 반영 (최종) | D13: =SUM(E13:BD13) -> 0 | E13: =E12 -> 0 | F13: =F12 -> 0 | G13: =G12 -> 0 | H13: =H12 -> 0 | I13: =I12 -> 0 | J13: =J12 -> 0 | K13: =K12 -> 0 | L13: =L12 -> 0 | ... BD13: =BD12 -> 0
C14: 최종본 (취소) | D14: =SUM(E14:BD14) -> 0 | E14: =TBR!D6 -> 0 | F14: =TBR!E6 -> 0 | G14: =TBR!F6 -> 0 | H14: =TBR!G6 -> 0 | I14: =TBR!H6 -> 0 | J14: =TBR!I6 -> 0 | K14: =TBR!J6 -> 0 | L14: =TBR!K6 -> 0 | ... BD14: =TBR!BC6 -> 0
B15: Sub Total (반영, 취소 포함) | D15: =SUM(E15:BD15) -> 402 | E15: =SUM(E7,E10,E12) -> 19 | F15: =SUM(F7,F10,F12) -> 7 | G15: =SUM(G7,G10,G12) -> 12 | H15: =SUM(H7,H10,H12) -> 20 | I15: =SUM(I7,I10,I12) -> 23 | J15: =SUM(J7,J10,J12) -> 15 | K15: =SUM(K7,K10,K12) -> 4 | L15: =SUM(L7,L10,L12) -> 20 | ... BD15: =SUM(BD7,BD10,BD12) -> 0
C16: 계획준수율 | D16: =(D15-D11-D8)/D15 -> 0.94029851 | E16: =(E15-E11-E8)/E15 -> 0.94736842 | F16: =(F15-F11-F8)/F15 -> 1 | G16: =(G15-G11-G8)/G15 -> 1 | H16: =(H15-H11-H8)/H15 -> 0.95 | I16: =(I15-I11-I8)/I15 -> 0.95652174 | J16: =(J15-J11-J8)/J15 -> 0.93333333 | K16: =(K15-K11-K8)/K15 -> 1 | ... BD16: =(BD15-BD11-BD8)/BD15 -> #DIV/0!
C17: 요청 (Total) | E17: =E5+E12 -> 17 | F17: =F5+F12 -> 16 | G17: =G5+G12 -> 7 | H17: =H5+H12 -> 14 | I17: =I5+I12 -> 17 | J17: =J5+J12 -> 11 | K17: =K5+K12 -> 6 | L17: =L5+L12 -> 18 | ... BD17: =BD5+BD12 -> 0
C18: 반영 (Total) | E18: =E7+E13 -> 7 | F18: =F7+F13 -> 7 | G18: =G7+G13 -> 5 | H18: =H7+H13 -> 13 | I18: =I7+I13 -> 14 | J18: =J7+J13 -> 7 | K18: =K7+K13 -> 1 | L18: =L7+L13 -> 11 | ... BD18: =BD7+BD13 -> 0
B19: 2. 시험/양시 제조 수량 | E19: =E5+E9+E12 -> 29 | F19: =F5+F9+F12 -> 17 | G19: =G5+G9+G12 -> 17 | H19: =H5+H9+H12 -> 28 | I19: =I5+I9+I12 -> 30 | J19: =J5+J9+J12 -> 24 | K19: =K5+K9+K12 -> 15 | L19: =L5+L9+L12 -> 35 | ... BD19: =BD5+BD9+BD12 -> 0
B20: -. Spec. EA (Racing 포함)
B21: DOT | D21: SUM | E21: 1 | F21: 2 | G21: 3 | H21: 4 | I21: 5 | J21: 6 | K21: 7 | L21: 8 | M21: 9 | N21: 10 | O21: 11 | P21: 12 | Q21: 13 | R21: 14 | S21: 15 | T21: 16 | U21: 17 | V21: 18 | W21: 19 | X21: 20 | Y21: 21 | Z21: 22 | AA21: 23 | AB21: 24 | AC21: 25 | AD21: 26 | AE21: 27 | AF21: 28 | AG21: 29 | AH21: 30 | AI21: 31 | AJ21: 32 | AK21: 33 | AL21: 34 | AM21: 35 | AN21: 36 | AO21: 37 | AP21: 38 | AQ21: 39 | AR21: 40 | AS21: 41 | AT21: 42 | AU21: 43 | AV21: 44 | AW21: 45 | AX21: 46 | AY21: 47 | AZ21: 48 | BA21: 49 | BB21: 50 | BC21: 51 | BD21: 52
B22: 시험용 Spec. EA | D22: =SUM(E22:BD22) -> 420 | E22: =시험용!D7 -> 7 | F22: =시험용!E7 -> 7 | G22: =시험용!F7 -> 5 | H22: =시험용!G7 -> 15 | I22: =시험용!H7 -> 23 | J22: =시험용!I7 -> 15 | K22: =시험용!J7 -> 1 | L22: =시험용!K7 -> 19 | ... S22: =시험용!R7 -> 13 | T22: 36 | U22: =시험용!T7 -> 21 | V22: =시험용!U7 -> 32 | W22: =시험용!V7 -> 25 | X22: =시험용!W7 -> 27 | Y22: =시험용!X7 -> 9 | Z22: =시험용!Y7 -> 21 | AA22: =시험용!Z7 -> 15 | AB22: =시험용!AA7 -> 0 | ... BD22: =시험용!BC7 -> 0
B23: 양시 Spec. EA | D23: =SUM(E23:BD23) -> 131 | E23: =양시!C6 -> 12 | F23: =양시!D6 -> 0 | G23: =양시!E6 -> 7 | H23: =양시!F6 -> 7 | I23: =양시!G6 -> 9 | J23: =양시!H6 -> 8 | K23: =양시!I6 -> 3 | L23: =양시!J6 -> 9 | ... BD23: =양시!BB6 -> 0
B24: TBR Spec. EA | D24: =SUM(E24:BD24) -> 0 | E24: =TBR!D8 -> 0 | F24: =TBR!E8 -> 0 | G24: =TBR!F8 -> 0 | H24: =TBR!G8 -> 0 | I24: =TBR!H8 -> 0 | J24: =TBR!I8 -> 0 | K24: =TBR!J8 -> 0 | L24: =TBR!K8 -> 0 | ... BD24: =TBR!BC8 -> 0
B25: Sub Total | D25: =SUM(E25:BD25) -> 551 | E25: =SUM(E22:E24) -> 19 | F25: =SUM(F22:F24) -> 7 | G25: =SUM(G22:G24) -> 12 | H25: =SUM(H22:H24) -> 22 | I25: =SUM(I22:I24) -> 32 | J25: =SUM(J22:J24) -> 23 | K25: =SUM(K22:K24) -> 4 | L25: =SUM(L22:L24) -> 28 | ... BD25: =SUM(BD22:BD24) -> 0
B27: -. Tire 제조 EA (Racing 포함)
B28: DOT | D28: SUM | E28: 1 | F28: 2 | G28: 3 | H28: 4 | I28: 5 | J28: 6 | K28: 7 | L28: 8 | M28: 9 | N28: 10 | O28: 11 | P28: 12 | Q28: 13 | R28: 14 | S28: 15 | T28: 16 | U28: 17 | V28: 18 | W28: 19 | X28: 20 | Y28: 21 | Z28: 22 | AA28: 23 | AB28: 24 | AC28: 25 | AD28: 26 | AE28: 27 | AF28: 28 | AG28: 29 | AH28: 30 | AI28: 31 | AJ28: 32 | AK28: 33 | AL28: 34 | AM28: 35 | AN28: 36 | AO28: 37 | AP28: 38 | AQ28: 39 | AR28: 40 | AS28: 41 | AT28: 42 | AU28: 43 | AV28: 44 | AW28: 45 | AX28: 46 | AY28: 47 | AZ28: 48 | BA28: 49 | BB28: 50 | BC28: 51 | BD28: 52
B29: 시험용 Tire EA (계획) | D29: =SUM(E29:BD29) -> 7055 | E29: =시험용!D8 -> 86 | F29: =시험용!E8 -> 102 | G29: =시험용!F8 -> 58 | H29: =시험용!G8 -> 298 | I29: =시험용!H8 -> 306 | J29: =시험용!I8 -> 204 | K29: =시험용!J8 -> 14 | L29: =시험용!K8 -> 288 | ... BD29: =시험용!BC8 -> 0
B30: 양시 Tire EA (실적) | D30: =SUM(E30:BD30) -> 14164 | E30: =양시!C7 -> 1222 | F30: =양시!D7 -> 0 | G30: =양시!E7 -> 828 | H30: =양시!F7 -> 862 | I30: =양시!G7 -> 793 | J30: =양시!H7 -> 822 | K30: =양시!I7 -> 225 | L30: =양시!J7 -> 1079 | ... BD30: =양시!BB7 -> 0
B31: TBR Tire EA (계획) | D31: =SUM(E31:BD31) -> 0 | E31: =TBR!D9 -> 0 | F31: =TBR!E9 -> 0 | G31: =TBR!F9 -> 0 | H31: =TBR!G9 -> 0 | I31: =TBR!H9 -> 0 | J31: =TBR!I9 -> 0 | K31: =TBR!J9 -> 0 | L31: =TBR!K9 -> 0 | ... BD31: =TBR!BC9 -> 0
B32: Sub Total | D32: =SUM(E32:BD32) -> 21219 | E32: =SUM(E29:E31) -> 1308 | F32: =SUM(F29:F31) -> 102 | G32: =SUM(G29:G31) -> 886 | H32: =SUM(H29:H31) -> 1160 | I32: =SUM(I29:I31) -> 1099 | J32: =SUM(J29:J31) -> 1026 | K32: =SUM(K29:K31) -> 239 | L32: =SUM(L29:L31) -> 1367 | ... BD32: =SUM(BD29:BD31) -> 0
B34: -. 시험용 Racing 제조
B35: DOT | D35: SUM | E35: 1 | F35: 2 | G35: 3 | H35: 4 | I35: 5 | J35: 6 | K35: 7 | L35: 8 | M35: 9 | N35: 10 | O35: 11 | P35: 12 | Q35: 13 | R35: 14 | S35: 15 | T35: 16 | U35: 17 | V35: 18 | W35: 19 | X35: 20 | Y35: 21 | Z35: 22 | AA35: 23 | AB35: 24 | AC35: 25 | AD35: 26 | AE35: 27 | AF35: 28 | AG35: 29 | AH35: 30 | AI35: 31 | AJ35: 32 | AK35: 33 | AL35: 34 | AM35: 35 | AN35: 36 | AO35: 37 | AP35: 38 | AQ35: 39 | AR35: 40 | AS35: 41 | AT35: 42 | AU35: 43 | AV35: 44 | AW35: 45 | AX35: 46 | AY35: 47 | AZ35: 48 | BA35: 49 | BB35: 50 | BC35: 51 | BD35: 52
B36: ECN EA | D36: =SUM(E36:BD36) -> 51 | F36: 2 | I36: 4 | O36: 10 | P36: 3 | Q36: 7 | T36: 6 | U36: 4 | V36: 6 | W36: 2 | Z36: 7
B37: Spec. EA | D37: =SUM(E37:BD37) -> 93 | F37: 2 | I37: 9 | O37: 22 | P37: 11 | Q37: 7 | T37: 16 | U37: 6 | V37: 7 | W37: 2 | Z37: 11
B38: 시험용 Tire EA (계획) | D38: =SUM(E38:BD38) -> 1296 | F38: 44 | I38: 100 | O38: 208 | P38: 72 | Q38: 140 | T38: 132 | U38: 190 | V38: 258 | W38: 20 | Z38: =11*12 -> 132
B40: -. 양시 Racing 제조
B41: DOT | D41: SUM | E41: 1 | F41: 2 | G41: 3 | H41: 4 | I41: 5 | J41: 6 | K41: 7 | L41: 8 | M41: 9 | N41: 10 | O41: 11 | P41: 12 | Q41: 13 | R41: 14 | S41: 15 | T41: 16 | U41: 17 | V41: 18 | W41: 19 | X41: 20 | Y41: 21 | Z41: 22 | AA41: 23 | AB41: 24 | AC41: 25 | AD41: 26 | AE41: 27 | AF41: 28 | AG41: 29 | AH41: 30 | AI41: 31 | AJ41: 32 | AK41: 33 | AL41: 34 | AM41: 35 | AN41: 36 | AO41: 37 | AP41: 38 | AQ41: 39 | AR41: 40 | AS41: 41 | AT41: 42 | AU41: 43 | AV41: 44 | AW41: 45 | AX41: 46 | AY41: 47 | AZ41: 48 | BA41: 49 | BB41: 50 | BC41: 51 | BD41: 52
B42: ECN EA | D42: =SUM(E42:BD42) -> 17 | E42: 6 | G42: 1 | I42: 2 | P42: 2 | U42: 4 | V42: 2
B43: Spec. EA | D43: =SUM(E43:BD43) -> 17 | E43: 6 | G43: 1 | I43: 2 | P43: 2 | U43: 4 | V43: 2
B44: 양시 Tire EA (계획) | D44: =SUM(E44:BD44) -> 904 | E44: 292 | G44: 50 | I44: 240 | P44: 100 | U44: 102 | V44: 120
B47: 3. 시험/양시 취소 및 특이사항
B48: 양시 | C48: 시험용 | D48: 시험 + 양시 | E48: 1 | F48: 2 | G48: 3 | H48: 4 | I48: 5 | J48: 6 | K48: 7 | L48: 8 | M48: 9 | N48: 10 | O48: 11 | P48: 12 | Q48: 13 | R48: 14 | S48: 15 | T48: 16 | U48: 17 | V48: 18 | W48: 19 | X48: 20 | Y48: 21 | Z48: 22 | AA48: 23 | AB48: 24 | AC48: 25 | AD48: 26 | AE48: 27 | AF48: 28 | AG48: 29 | AH48: 30 | AI48: 31 | AJ48: 32 | AK48: 33 | AL48: 34 | AM48: 35 | AN48: 36 | AO48: 37 | AP48: 38 | AQ48: 39 | AR48: 40 | AS48: 41 | AT48: 42 | AU48: 43 | AV48: 44 | AW48: 45 | AX48: 46 | AY48: 47 | AZ48: 48 | BA48: 49 | BB48: 50 | BC48: 51 | BD48: 52
B49: 취소 사유 | E49: 생산 Grouping 변경 | H49: 고무재고 부족 | I49: DOT 미개조 | J49: P46 DM Issue | L49: T/D Mold 정규 사용 | M49: Mold 미입고 | N49: Mold 미입고 | O49: 10주 先 진행 | P49: Bead 설비 Issue | Q49: Mold 미입고 | S49: Mold DOT 미개조 | V49: Racing 설비 제약 | X49: 시험용 C/C 부족 | Z49: 정규 생산 有
L50: 성형 Grouping | M50: Mold 미입고 | N50: B1007 Head Crack | S50: ~04/17 KP 생산
N51: 입회 불가
B53: 특이사항 | E53: Racing S/W 변경 | F53: Racing 생산 계획 변경 | G53: P2000D/2 1EA 추가 | H53: Mold No. 오기입 | I53: Racing Sho.폭 오기입 | J53: 양초 2EA 추가 | K53: PW90C 양시 추가 | M53: RA43 양시 추가 | N53: P-생산 2EA | P53: Racing Spec 변경 | Q53: 전사지 W72D 변경 | S53: H107 인치 교체 | T53: QA62B 15주 제조 | U53: N91 Scorch | V53: F84 재고 부족 | X53: OE X18 Bead 不 | Y53: 레이싱 계획 (22주) | Z53: 19주 규격 재시험
E54: Racing B/D 변경 | F54: PC05 성형 先 진행 | G54: LC02 S/W 변경 | I54: 4주 취소 규격 반영 | J54: 1주 취소 규격 반영 | K54: PW90C Mold Issue | M54: 50KF 가류 코드 | P54: Racing 고무 오사용 | Q54: Racing 고무 오사용 | T54: W340 지급 개발 | X54: RK21 추가 성형 | Y54: 22주 先 반영
I55: F53 재고 부족 | J55: 5주 취소 규격 반영 | M55: H191 BIC 변경 | T55: 19" 4각 Bead 不 | X55: New PLM | Y55: PDM
I56: RA58 가류시간 연장 | J56: T95 Scorch
B60: 4. 시험/양시 Die 제작 현황 (Racing 포함)
B61: -. Total Die 수량 (Spec. 수 기준)
B62: DOT | D62: SUM | E62: 1 | F62: 2 | G62: 3 | H62: 4 | I62: 5 | J62: 6 | K62: 7 | L62: 8 | M62: 9 | N62: 10 | O62: 11 | P62: 12 | Q62: 13 | R62: 14 | S62: 15 | T62: 16 | U62: 17 | V62: 18 | W62: 19 | X62: 20 | Y62: 21 | Z62: 22 | AA62: 23 | AB62: 24 | AC62: 25 | AD62: 26 | AE62: 27 | AF62: 28 | AG62: 29 | AH62: 30 | AI62: 31 | AJ62: 32 | AK62: 33 | AL62: 34 | AM62: 35 | AN62: 36 | AO62: 37 | AP62: 38 | AQ62: 39 | AR62: 40 | AS62: 41 | AT62: 42 | AU62: 43 | AV62: 44 | AW62: 45 | AX62: 46 | AY62: 47 | AZ62: 48 | BA62: 49 | BB62: 50 | BC62: 51 | BD62: 52
B63: Total T/D | C63: 시험용 | D63: =SUM(E63:BD63) -> 421 | E63: =COUNTIFS(시험용!$A:$A,요약!E$62) -> 7 | F63: =COUNTIFS(시험용!$A:$A,요약!F$62) -> 7 | G63: =COUNTIFS(시험용!$A:$A,요약!G$62) -> 5 | H63: =COUNTIFS(시험용!$A:$A,요약!H$62) -> 15 | I63: =COUNTIFS(시험용!$A:$A,요약!I$62) -> 23 | J63: =COUNTIFS(시험용!$A:$A,요약!J$62) -> 15 | K63: =COUNTIFS(시험용!$A:$A,요약!K$62) -> 1 | L63: =COUNTIFS(시험용!$A:$A,요약!L$62) -> 19 | ... BD63: =COUNTIFS(시험용!$A:$A,요약!BD$62) -> 0
C64: 양시 | D64: =SUM(E64:BD64) -> 131 | E64: =COUNTIFS(양시!$A:$A,요약!E$62) -> 12 | F64: =COUNTIFS(양시!$A:$A,요약!F$62) -> 0 | G64: =COUNTIFS(양시!$A:$A,요약!G$62) -> 7 | H64: =COUNTIFS(양시!$A:$A,요약!H$62) -> 7 | I64: =COUNTIFS(양시!$A:$A,요약!I$62) -> 9 | J64: =COUNTIFS(양시!$A:$A,요약!J$62) -> 8 | K64: =COUNTIFS(양시!$A:$A,요약!K$62) -> 3 | L64: =COUNTIFS(양시!$A:$A,요약!L$62) -> 9 | ... BD64: =COUNTIFS(양시!$A:$A,요약!BD$62) -> 0
C65: TBR | D65: =SUM(E65:BD65) -> 0 | E65: =COUNTIFS(TBR!$A:$A,요약!E$62) -> 0 | F65: =COUNTIFS(TBR!$A:$A,요약!F$62) -> 0 | G65: =COUNTIFS(TBR!$A:$A,요약!G$62) -> 0 | H65: =COUNTIFS(TBR!$A:$A,요약!H$62) -> 0 | I65: =COUNTIFS(TBR!$A:$A,요약!I$62) -> 0 | J65: =COUNTIFS(TBR!$A:$A,요약!J$62) -> 0 | K65: =COUNTIFS(TBR!$A:$A,요약!K$62) -> 0 | L65: =COUNTIFS(TBR!$A:$A,요약!L$62) -> 0 | ... BD65: =COUNTIFS(TBR!$A:$A,요약!BD$62) -> 0
B66: Total S/W | C66: 시험용 | D66: =SUM(E66:BD66) -> 421 | E66: =COUNTIFS(시험용!$A:$A,요약!E$62) -> 7 | F66: =COUNTIFS(시험용!$A:$A,요약!F$62) -> 7 | G66: =COUNTIFS(시험용!$A:$A,요약!G$62) -> 5 | H66: =COUNTIFS(시험용!$A:$A,요약!H$62) -> 15 | I66: =COUNTIFS(시험용!$A:$A,요약!I$62) -> 23 | J66: =COUNTIFS(시험용!$A:$A,요약!J$62) -> 15 | K66: =COUNTIFS(시험용!$A:$A,요약!K$62) -> 1 | L66: =COUNTIFS(시험용!$A:$A,요약!L$62) -> 19 | ... BD66: =COUNTIFS(시험용!$A:$A,요약!BD$62) -> 0
C67: 양시 | D67: =SUM(E67:BD67) -> 131 | E67: =COUNTIFS(양시!$A:$A,요약!E$62) -> 12 | F67: =COUNTIFS(양시!$A:$A,요약!F$62) -> 0 | G67: =COUNTIFS(양시!$A:$A,요약!G$62) -> 7 | H67: =COUNTIFS(양시!$A:$A,요약!H$62) -> 7 | I67: =COUNTIFS(양시!$A:$A,요약!I$62) -> 9 | J67: =COUNTIFS(양시!$A:$A,요약!J$62) -> 8 | K67: =COUNTIFS(양시!$A:$A,요약!K$62) -> 3 | L67: =COUNTIFS(양시!$A:$A,요약!L$62) -> 9 | ... BD67: =COUNTIFS(양시!$A:$A,요약!BD$62) -> 0
C68: TBR | D68: =SUM(E68:BD68) -> 0 | E68: =COUNTIFS(TBR!$A:$A,요약!E$62) -> 0 | F68: =COUNTIFS(TBR!$A:$A,요약!F$62) -> 0 | G68: =COUNTIFS(TBR!$A:$A,요약!G$62) -> 0 | H68: =COUNTIFS(TBR!$A:$A,요약!H$62) -> 0 | I68: =COUNTIFS(TBR!$A:$A,요약!I$62) -> 0 | J68: =COUNTIFS(TBR!$A:$A,요약!J$62) -> 0 | K68: =COUNTIFS(TBR!$A:$A,요약!K$62) -> 0 | L68: =COUNTIFS(TBR!$A:$A,요약!L$62) -> 0 | ... BD68: =COUNTIFS(TBR!$A:$A,요약!BD$62) -> 0
B69: Total R/C | C69: TBR | D69: =SUM(E69:BD69) -> 0 | E69: =COUNTIFS(TBR!$A:$A,요약!E$62) -> 0 | F69: =COUNTIFS(TBR!$A:$A,요약!F$62) -> 0 | G69: =COUNTIFS(TBR!$A:$A,요약!G$62) -> 0 | H69: =COUNTIFS(TBR!$A:$A,요약!H$62) -> 0 | I69: =COUNTIFS(TBR!$A:$A,요약!I$62) -> 0 | J69: =COUNTIFS(TBR!$A:$A,요약!J$62) -> 0 | K69: =COUNTIFS(TBR!$A:$A,요약!K$62) -> 0 | L69: =COUNTIFS(TBR!$A:$A,요약!L$62) -> 0 | ... BD69: =COUNTIFS(TBR!$A:$A,요약!BD$62) -> 0
B70: Sub Total | D70: =SUM(E70:BD70) -> 1104 | E70: =SUM(E63:E69) -> 38 | F70: =SUM(F63:F69) -> 14 | G70: =SUM(G63:G69) -> 24 | H70: =SUM(H63:H69) -> 44 | I70: =SUM(I63:I69) -> 64 | J70: =SUM(J63:J69) -> 46 | K70: =SUM(K63:K69) -> 8 | L70: =SUM(L63:L69) -> 56 | ... BD70: =SUM(BD63:BD69) -> 0
B72: -. 신제작 Die 제작 수
B73: DOT | D73: SUM | E73: 1 | F73: 2 | G73: 3 | H73: 4 | I73: 5 | J73: 6 | K73: 7 | L73: 8 | M73: 9 | N73: 10 | O73: 11 | P73: 12 | Q73: 13 | R73: 14 | S73: 15 | T73: 16 | U73: 17 | V73: 18 | W73: 19 | X73: 20 | Y73: 21 | Z73: 22 | AA73: 23 | AB73: 24 | AC73: 25 | AD73: 26 | AE73: 27 | AF73: 28 | AG73: 29 | AH73: 30 | AI73: 31 | AJ73: 32 | AK73: 33 | AL73: 34 | AM73: 35 | AN73: 36 | AO73: 37 | AP73: 38 | AQ73: 39 | AR73: 40 | AS73: 41 | AT73: 42 | AU73: 43 | AV73: 44 | AW73: 45 | AX73: 46 | AY73: 47 | AZ73: 48 | BA73: 49 | BB73: 50 | BC73: 51 | BD73: 52
B74: T/D 신제작 | C74: 시험용 | D74: =SUM(E74:BD74) -> 121 | E74: =시험용!D3 -> 4 | F74: =시험용!E3 -> 5 | G74: =시험용!F3 -> 4 | H74: =시험용!G3 -> 5 | I74: =시험용!H3 -> 6 | J74: =시험용!I3 -> 5 | K74: =시험용!J3 -> 1 | L74: =시험용!K3 -> 6 | ... BD74: =시험용!BC3 -> 0
C75: 양시 | D75: =SUM(E75:BD75) -> 48 | E75: =양시!C2 -> 5 | F75: =양시!D2 -> 0 | G75: =양시!E2 -> 3 | H75: =양시!F2 -> 3 | I75: =양시!G2 -> 3 | J75: =양시!H2 -> 2 | K75: =양시!I2 -> 2 | L75: =양시!J2 -> 4 | ... BD75: =양시!BB2 -> 0
C76: TBR | D76: =SUM(E76:BD76) -> 0 | E76: =TBR!D3 -> 0 | F76: =TBR!E3 -> 0 | G76: =TBR!F3 -> 0 | H76: =TBR!G3 -> 0 | I76: =TBR!H3 -> 0 | J76: =TBR!I3 -> 0 | K76: =TBR!J3 -> 0 | L76: =TBR!K3 -> 0 | ... BD76: =TBR!BC3 -> 0
B77: S/W 신제작 | C77: 시험용 | D77: =SUM(E77:BD77) -> 88 | E77: =시험용!D4 -> 5 | F77: =시험용!E4 -> 3 | G77: =시험용!F4 -> 3 | H77: =시험용!G4 -> 4 | I77: =시험용!H4 -> 6 | J77: =시험용!I4 -> 3 | K77: =시험용!J4 -> 1 | L77: =시험용!K4 -> 4 | ... BD77: =시험용!BC4 -> 0
C78: 양시 | D78: =SUM(E78:BD78) -> 81 | E78: =양시!C3 -> 7 | F78: =양시!D3 -> 0 | G78: =양시!E3 -> 2 | H78: =양시!F3 -> 5 | I78: =양시!G3 -> 7 | J78: =양시!H3 -> 4 | K78: =양시!I3 -> 2 | L78: =양시!J3 -> 6 | ... BD78: =양시!BB3 -> 0
C79: TBR | D79: =SUM(E79:BD79) -> 0 | E79: =TBR!D4 -> 0 | F79: =TBR!E4 -> 0 | G79: =TBR!F4 -> 0 | H79: =TBR!G4 -> 0 | I79: =TBR!H4 -> 0 | J79: =TBR!I4 -> 0 | K79: =TBR!J4 -> 0 | L79: =TBR!K4 -> 0 | ... BD79: =TBR!BC4 -> 0
B80: R/C 신제작 | C80: TBR | D80: =SUM(E80:BD80) -> 0 | E80: =TBR!D5 -> 0 | F80: =TBR!E5 -> 0 | G80: =TBR!F5 -> 0 | H80: =TBR!G5 -> 0 | I80: =TBR!H5 -> 0 | J80: =TBR!I5 -> 0 | K80: =TBR!J5 -> 0 | L80: =TBR!K5 -> 0 | ... BD80: =TBR!BC5 -> 0
B81: Sub Total | D81: =SUM(E81:BD81) -> 338 | E81: =SUM(E74:E80) -> 21 | F81: =SUM(F74:F80) -> 8 | G81: =SUM(G74:G80) -> 12 | H81: =SUM(H74:H80) -> 17 | I81: =SUM(I74:I80) -> 22 | J81: =SUM(J74:J80) -> 14 | K81: =SUM(K74:K80) -> 6 | L81: =SUM(L74:L80) -> 20 | ... BD81: =SUM(BD74:BD80) -> 0
B83: -. 기제작 Die 사용률 (Spec. 수 기준)
B84: DOT | D84: Median | E84: 1 | F84: 2 | G84: 3 | H84: 4 | I84: 5 | J84: 6 | K84: 7 | L84: 8 | M84: 9 | N84: 10 | O84: 11 | P84: 12 | Q84: 13 | R84: 14 | S84: 15 | T84: 16 | U84: 17 | V84: 18 | W84: 19 | X84: 20 | Y84: 21 | Z84: 22 | AA84: 23 | AB84: 24 | AC84: 25 | AD84: 26 | AE84: 27 | AF84: 28 | AG84: 29 | AH84: 30 | AI84: 31 | AJ84: 32 | AK84: 33 | AL84: 34 | AM84: 35 | AN84: 36 | AO84: 37 | AP84: 38 | AQ84: 39 | AR84: 40 | AS84: 41 | AT84: 42 | AU84: 43 | AV84: 44 | AW84: 45 | AX84: 46 | AY84: 47 | AZ84: 48 | BA84: 49 | BB84: 50 | BC84: 51 | BD84: 52
B85: T/D 기제작 | C85: 시험용 | D85: =IFERROR(((D63-D74)/D63),"") -> 0.71258907 | E85: =IFERROR(((E63-E74)/E63),"") -> 0.42857143 | F85: =IFERROR(((F63-F74)/F63),"") -> 0.28571429 | G85: =IFERROR(((G63-G74)/G63),"") -> 0.2 | H85: =IFERROR(((H63-H74)/H63),"") -> 0.66666667 | I85: =IFERROR(((I63-I74)/I63),"") -> 0.73913043 | J85: =IFERROR(((J63-J74)/J63),"") -> 0.66666667 | K85: =IFERROR(((K63-K74)/K63),"") -> 0 | ... BD85: =IFERROR(((BD63-BD74)/BD63),"")
C86: 양시 | D86: =IFERROR(((D64-D75)/D64),"") -> 0.63358779 | E86: =IFERROR(((E64-E75)/E64),"") -> 0.58333333 | F86: =IFERROR(((F64-F75)/F64),"") | G86: =IFERROR(((G64-G75)/G64),"") -> 0.57142857 | H86: =IFERROR(((H64-H75)/H64),"") -> 0.57142857 | I86: =IFERROR(((I64-I75)/I64),"") -> 0.66666667 | J86: =IFERROR(((J64-J75)/J64),"") -> 0.75 | K86: =IFERROR(((K64-K75)/K64),"") -> 0.33333333 | ... BD86: =IFERROR(((BD64-BD75)/BD64),"")
C87: TBR | D87: =IFERROR(((D65-D76)/D65),"") | E87: =IFERROR(((E65-E76)/E65),"") | F87: =IFERROR(((F65-F76)/F65),"") | G87: =IFERROR(((G65-G76)/G65),"") | H87: =IFERROR(((H65-H76)/H65),"") | I87: =IFERROR(((I65-I76)/I65),"") | J87: =IFERROR(((J65-J76)/J65),"") | K87: =IFERROR(((K65-K76)/K65),"") | ... BD87: =IFERROR(((BD65-BD76)/BD65),"")
B88: S/W 기제작 | C88: 시험용 | D88: =IFERROR(((D66-D77)/D66),"") -> 0.79097387 | E88: =IFERROR(((E66-E77)/E66),"") -> 0.28571429 | F88: =IFERROR(((F66-F77)/F66),"") -> 0.57142857 | G88: =IFERROR(((G66-G77)/G66),"") -> 0.4 | H88: =IFERROR(((H66-H77)/H66),"") -> 0.73333333 | I88: =IFERROR(((I66-I77)/I66),"") -> 0.73913043 | J88: =IFERROR(((J66-J77)/J66),"") -> 0.8 | K88: =IFERROR(((K66-K77)/K66),"") -> 0 | ... BD88: =IFERROR(((BD66-BD77)/BD66),"")
C89: 양시 | D89: =IFERROR(((D67-D78)/D67),"") -> 0.38167939 | E89: =IFERROR(((E67-E78)/E67),"") -> 0.41666667 | F89: =IFERROR(((F67-F78)/F67),"") | G89: =IFERROR(((G67-G78)/G67),"") -> 0.71428571 | H89: =IFERROR(((H67-H78)/H67),"") -> 0.28571429 | I89: =IFERROR(((I67-I78)/I67),"") -> 0.22222222 | J89: =IFERROR(((J67-J78)/J67),"") -> 0.5 | K89: =IFERROR(((K67-K78)/K67),"") -> 0.33333333 | ... BD89: =IFERROR(((BD67-BD78)/BD67),"")
C90: TBR | D90: =IFERROR(((D68-D79)/D68),"") | E90: =IFERROR(((E68-E79)/E68),"") | F90: =IFERROR(((F68-F79)/F68),"") | G90: =IFERROR(((G68-G79)/G68),"") | H90: =IFERROR(((H68-H79)/H68),"") | I90: =IFERROR(((I68-I79)/I68),"") | J90: =IFERROR(((J68-J79)/J68),"") | K90: =IFERROR(((K68-K79)/K68),"") | ... BD90: =IFERROR(((BD68-BD79)/BD68),"")
B91: R/C 기제작 | C91: TBR | D91: =IFERROR(((D69-D80)/D69),"") | E91: =IFERROR(((E69-E80)/E69),"") | F91: =IFERROR(((F69-F80)/F69),"") | G91: =IFERROR(((G69-G80)/G69),"") | H91: =IFERROR(((H69-H80)/H69),"") | I91: =IFERROR(((I69-I80)/I69),"") | J91: =IFERROR(((J69-J80)/J69),"") | K91: =IFERROR(((K69-K80)/K69),"") | ... BD91: =IFERROR(((BD69-BD80)/BD69),"")
B92: Total Average | D92: =IFERROR(((D70-D81)/D70),"") -> 0.69384058 | E92: =IFERROR(((E70-E81)/E70),"") -> 0.44736842 | F92: =IFERROR(((F70-F81)/F70),"") -> 0.42857143 | G92: =IFERROR(((G70-G81)/G70),"") -> 0.5 | H92: =IFERROR(((H70-H81)/H70),"") -> 0.61363636 | I92: =IFERROR(((I70-I81)/I70),"") -> 0.65625 | J92: =IFERROR(((J70-J81)/J70),"") -> 0.69565217 | K92: =IFERROR(((K70-K81)/K70),"") -> 0.25 | ... BD92: =IFERROR(((BD70-BD81)/BD70),"")
B93: S/W Average | D93: =IFERROR((((D66+D67)-(D77+D78))/(D66+D67)),"") -> 0.69384058 | E93: =IFERROR((((E66+E67)-(E77+E78))/(E66+E67)),"") -> 0.36842105 | F93: =IFERROR((((F66+F67)-(F77+F78))/(F66+F67)),"") -> 0.57142857 | G93: =IFERROR((((G66+G67)-(G77+G78))/(G66+G67)),"") -> 0.58333333 | H93: =IFERROR((((H66+H67)-(H77+H78))/(H66+H67)),"") -> 0.59090909 | I93: =IFERROR((((I66+I67)-(I77+I78))/(I66+I67)),"") -> 0.59375 | J93: =IFERROR((((J66+J67)-(J77+J78))/(J66+J67)),"") -> 0.69565217 | K93: =IFERROR((((K66+K67)-(K77+K78))/(K66+K67)),"") -> 0.25 | ... BD93: =IFERROR((((BD66+BD67)-(BD77+BD78))/(BD66+BD67)),"")
B94: * S/W '25년 기제작 비율 56.6%
B95: * T/D '25년 기제작 비율 43.4%
B97: -. Die 기제작 변경 or 수정 (신규 Die Plate 구매 방지)
B98: DOT | D98: Total | E98: 1 | F98: 2 | G98: 3 | H98: 4 | I98: 5 | J98: 6 | K98: 7 | L98: 8 | M98: 9 | N98: 10 | O98: 11 | P98: 12 | Q98: 13 | R98: 14 | S98: 15 | T98: 16 | U98: 17 | V98: 18 | W98: 19 | X98: 20 | Y98: 21 | Z98: 22 | AA98: 23 | AB98: 24 | AC98: 25 | AD98: 26 | AE98: 27 | AF98: 28 | AG98: 29 | AH98: 30 | AI98: 31 | AJ98: 32 | AK98: 33 | AL98: 34 | AM98: 35 | AN98: 36 | AO98: 37 | AP98: 38 | AQ98: 39 | AR98: 40 | AS98: 41 | AT98: 42 | AU98: 43 | AV98: 44 | AW98: 45 | AX98: 46 | AY98: 47 | AZ98: 48 | BA98: 49 | BB98: 50 | BC98: 51 | BD98: 52
B99: 시험용 | D99: =IFERROR(SUM(E99:BD99),"") -> 15 | E99: =COUNTIFS(시험용!$A:$A,요약!E$98,시험용!$CE:$CE,"OKEY") -> 0 | F99: =COUNTIFS(시험용!$A:$A,요약!F$98,시험용!$CE:$CE,"OKEY") -> 0 | G99: =COUNTIFS(시험용!$A:$A,요약!G$98,시험용!$CE:$CE,"OKEY") -> 0 | H99: =COUNTIFS(시험용!$A:$A,요약!H$98,시험용!$CE:$CE,"OKEY") -> 1 | I99: =COUNTIFS(시험용!$A:$A,요약!I$98,시험용!$CE:$CE,"OKEY") -> 0 | J99: =COUNTIFS(시험용!$A:$A,요약!J$98,시험용!$CE:$CE,"OKEY") -> 0 | K99: =COUNTIFS(시험용!$A:$A,요약!K$98,시험용!$CE:$CE,"OKEY") -> 0 | L99: =COUNTIFS(시험용!$A:$A,요약!L$98,시험용!$CE:$CE,"OKEY") -> 0 | ... BD99: =COUNTIFS(시험용!$A:$A,요약!BD$98,시험용!$CE:$CE,"OKEY") -> 0
B100: 양시 | D100: =IFERROR(SUM(E100:BD100),"") -> 12 | E100: =COUNTIFS(양시!$A:$A,요약!E$98,양시!$CJ:$CJ,"OKEY") -> 0 | F100: =COUNTIFS(양시!$A:$A,요약!F$98,양시!$CJ:$CJ,"OKEY") -> 0 | G100: =COUNTIFS(양시!$A:$A,요약!G$98,양시!$CJ:$CJ,"OKEY") -> 0 | H100: =COUNTIFS(양시!$A:$A,요약!H$98,양시!$CJ:$CJ,"OKEY") -> 0 | I100: =COUNTIFS(양시!$A:$A,요약!I$98,양시!$CJ:$CJ,"OKEY") -> 0 | J100: =COUNTIFS(양시!$A:$A,요약!J$98,양시!$CJ:$CJ,"OKEY") -> 0 | K100: =COUNTIFS(양시!$A:$A,요약!K$98,양시!$CJ:$CJ,"OKEY") -> 0 | L100: =COUNTIFS(양시!$A:$A,요약!L$98,양시!$CJ:$CJ,"OKEY") -> 0 | ... BD100: =COUNTIFS(양시!$A:$A,요약!BD$98,양시!$CJ:$CJ,"OKEY") -> 0
B101: Total | D101: =SUM(D99:D100) -> 27 | E101: =SUM(E99:E100) -> 0 | F101: =SUM(F99:F100) -> 0 | G101: =SUM(G99:G100) -> 0 | H101: =SUM(H99:H100) -> 1 | I101: =SUM(I99:I100) -> 0 | J101: =SUM(J99:J100) -> 0 | K101: =SUM(K99:K100) -> 0 | ... BD101: =SUM(BD99:BD100) -> 0
B102: * S/W Die Plate 32,000원 | D102: =D101*32000 -> 864000 | E102: =E101*32000 -> 0 | F102: =F101*32000 -> 0 | G102: =G101*32000 -> 0 | H102: =H101*32000 -> 32000 | I102: =I101*32000 -> 0 | J102: =J101*32000 -> 0 | K102: =K101*32000 -> 0 | ... BD102: =BD101*32000 -> 0
M103: 3월 실적 제출 | Q103: 4월 실적 제출
B104: -. Racing Die 제작 현황
B105: DOT | D105: SUM | E105: 1 | F105: 2 | G105: 3 | H105: 4 | I105: 5 | J105: 6 | K105: 7 | L105: 8 | M105: 9 | N105: 10 | O105: 11 | P105: 12 | Q105: 13 | R105: 14 | S105: 15 | T105: 16 | U105: 17 | V105: 18 | W105: 19 | X105: 20 | Y105: 21 | Z105: 22 | AA105: 23 | AB105: 24 | AC105: 25 | AD105: 26 | AE105: 27 | AF105: 28 | AG105: 29 | AH105: 30 | AI105: 31 | AJ105: 32 | AK105: 33 | AL105: 34 | AM105: 35 | AN105: 36 | AO105: 37 | AP105: 38 | AQ105: 39 | AR105: 40 | AS105: 41 | AT105: 42 | AU105: 43 | AV105: 44 | AW105: 45 | AX105: 46 | AY105: 47 | AZ105: 48 | BA105: 49 | BB105: 50 | BC105: 51 | BD105: 52
B106: T/D 신제작 | C106: 시험용 | D106: =SUM(E106:BD106) -> 25 | F106: 1 | G106: 1 | I106: 2 | O106: 2 | P106: 3 | Q106: 4 | T106: 5 | V106: 4 | Y106: 3
C107: 양시 | D107: =SUM(E107:BD107) -> 2 | E107: 1 | V107: 1
B108: S/W 신제작 | C108: 시험용 | D108: =SUM(E108:BD108) -> 13 | F108: 1 | G108: 1 | I108: 1 | O108: 3 | Q108: 2 | T108: 2 | U108: 1 | V108: 2
C109: 양시 | D109: =SUM(E109:BD109) -> 3 | E109: 1 | P109: 1 | V109: 1
B110: Sub Total | D110: =SUM(E110:U110) -> 32 | E110: =SUM(E106:E109) -> 2 | F110: =SUM(F106:F109) -> 2 | G110: =SUM(G106:G109) -> 2 | H110: =SUM(H106:H109) -> 0 | I110: =SUM(I106:I109) -> 3 | J110: =SUM(J106:J109) -> 0 | K110: =SUM(K106:K109) -> 0 | L110: =SUM(L106:L109) -> 0 | ... BD110: =SUM(BD106:BD109) -> 0

Sheet Graph
AH1: * 설 연휴 | AM1: * 3.1절 대체 휴일 | AU1: * 근로자의 날 | AV1: * 어린이날 대체 휴일 | AZ1: * 선거, 현충일 | BH1: * DP 하계 휴무 | BQ1: * 개천절 | BR1: * 추석 연휴 | CC1: * 성탄절
AC2: ◎ 인치별 시험용 제조 규격 수
AB3: Portion | AC3: DOT | AD3: SUB | AE3: 1 | AF3: 2 | AG3: 3 | AH3: 4 | AI3: 5 | AJ3: 6 | AK3: 7 | AL3: 8 | AM3: 9 | AN3: 10 | AO3: 11 | AP3: 12 | AQ3: 13 | AR3: 14 | AS3: 15 | AT3: 16 | AU3: 17 | AV3: 18 | AW3: 19 | AX3: 20 | AY3: 21 | AZ3: 22 | BA3: 23 | BB3: 24 | BC3: 25 | BD3: 26 | BE3: 27 | BF3: 28 | BG3: 29 | BH3: 30 | BI3: 31 | BJ3: 32 | BK3: 33 | BL3: 34 | BM3: 35 | BN3: 36 | BO3: 37 | BP3: 38 | BQ3: 39 | BR3: 40 | BS3: 41 | BT3: 42 | BU3: 43 | BV3: 44 | BW3: 45 | BX3: 46 | BY3: 47 | BZ3: 48 | CA3: 49 | CB3: 50 | CC3: 51 | CD3: 52
AB4: =AD4/$AD$12 -> 0.011627907 | AC4: 14 | AD4: =SUM(AE4:CD4) -> 3 | AE4: =COUNTIFS(시험용!$B:$B,Graph!AE$3,시험용!$CB:$CB,Graph!$AC4) -> 0 | AF4: =COUNTIFS(시험용!$B:$B,Graph!AF$3,시험용!$CB:$CB,Graph!$AC4) -> 0 | AG4: =COUNTIFS(시험용!$B:$B,Graph!AG$3,시험용!$CB:$CB,Graph!$AC4) -> 0 | AH4: =COUNTIFS(시험용!$B:$B,Graph!AH$3,시험용!$CB:$CB,Graph!$AC4) -> 1 | AI4: =COUNTIFS(시험용!$B:$B,Graph!AI$3,시험용!$CB:$CB,Graph!$AC4) -> 0 | AJ4: =COUNTIFS(시험용!$B:$B,Graph!AJ$3,시험용!$CB:$CB,Graph!$AC4) -> 0 | AK4: =COUNTIFS(시험용!$B:$B,Graph!AK$3,시험용!$CB:$CB,Graph!$AC4) -> 0 | AL4: =COUNTIFS(시험용!$B:$B,Graph!AL$3,시험용!$CB:$CB,Graph!$AC4) -> 0 | ... CD4: =COUNTIFS(시험용!$B:$B,Graph!CD$3,시험용!$CB:$CB,Graph!$AC4) -> 0
AB5: =AD5/$AD$12 -> 0.062015504 | AC5: 15 | AD5: =SUM(AE5:CD5) -> 16 | AE5: =COUNTIFS(시험용!$B:$B,Graph!AE$3,시험용!$CB:$CB,Graph!$AC5) -> 1 | AF5: =COUNTIFS(시험용!$B:$B,Graph!AF$3,시험용!$CB:$CB,Graph!$AC5) -> 0 | AG5: =COUNTIFS(시험용!$B:$B,Graph!AG$3,시험용!$CB:$CB,Graph!$AC5) -> 0 | AH5: =COUNTIFS(시험용!$B:$B,Graph!AH$3,시험용!$CB:$CB,Graph!$AC5) -> 1 | AI5: =COUNTIFS(시험용!$B:$B,Graph!AI$3,시험용!$CB:$CB,Graph!$AC5) -> 1 | AJ5: =COUNTIFS(시험용!$B:$B,Graph!AJ$3,시험용!$CB:$CB,Graph!$AC5) -> 0 | AK5: =COUNTIFS(시험용!$B:$B,Graph!AK$3,시험용!$CB:$CB,Graph!$AC5) -> 0 | AL5: =COUNTIFS(시험용!$B:$B,Graph!AL$3,시험용!$CB:$CB,Graph!$AC5) -> 1 | ... CD5: =COUNTIFS(시험용!$B:$B,Graph!CD$3,시험용!$CB:$CB,Graph!$AC5) -> 0
AB6: =AD6/$AD$12 -> 0.13178295 | AC6: 16 | AD6: =SUM(AE6:CD6) -> 34 | AE6: =COUNTIFS(시험용!$B:$B,Graph!AE$3,시험용!$CB:$CB,Graph!$AC6) -> 0 | AF6: =COUNTIFS(시험용!$B:$B,Graph!AF$3,시험용!$CB:$CB,Graph!$AC6) -> 0 | AG6: =COUNTIFS(시험용!$B:$B,Graph!AG$3,시험용!$CB:$CB,Graph!$AC6) -> 2 | AH6: =COUNTIFS(시험용!$B:$B,Graph!AH$3,시험용!$CB:$CB,Graph!$AC6) -> 4 | AI6: =COUNTIFS(시험용!$B:$B,Graph!AI$3,시험용!$CB:$CB,Graph!$AC6) -> 1 | AJ6: =COUNTIFS(시험용!$B:$B,Graph!AJ$3,시험용!$CB:$CB,Graph!$AC6) -> 1 | AK6: =COUNTIFS(시험용!$B:$B,Graph!AK$3,시험용!$CB:$CB,Graph!$AC6) -> 0 | AL6: =COUNTIFS(시험용!$B:$B,Graph!AL$3,시험용!$CB:$CB,Graph!$AC6) -> 3 | ... CD6: =COUNTIFS(시험용!$B:$B,Graph!CD$3,시험용!$CB:$CB,Graph!$AC6) -> 0
AB7: =AD7/$AD$12 -> 0.10077519 | AC7: 17 | AD7: =SUM(AE7:CD7) -> 26 | AE7: =COUNTIFS(시험용!$B:$B,Graph!AE$3,시험용!$CB:$CB,Graph!$AC7) -> 2 | AF7: =COUNTIFS(시험용!$B:$B,Graph!AF$3,시험용!$CB:$CB,Graph!$AC7) -> 0 | AG7: =COUNTIFS(시험용!$B:$B,Graph!AG$3,시험용!$CB:$CB,Graph!$AC7) -> 0 | AH7: =COUNTIFS(시험용!$B:$B,Graph!AH$3,시험용!$CB:$CB,Graph!$AC7) -> 1 | AI7: =COUNTIFS(시험용!$B:$B,Graph!AI$3,시험용!$CB:$CB,Graph!$AC7) -> 0 | AJ7: =COUNTIFS(시험용!$B:$B,Graph!AJ$3,시험용!$CB:$CB,Graph!$AC7) -> 1 | AK7: =COUNTIFS(시험용!$B:$B,Graph!AK$3,시험용!$CB:$CB,Graph!$AC7) -> 0 | AL7: =COUNTIFS(시험용!$B:$B,Graph!AL$3,시험용!$CB:$CB,Graph!$AC7) -> 0 | ... CD7: =COUNTIFS(시험용!$B:$B,Graph!CD$3,시험용!$CB:$CB,Graph!$AC7) -> 0
AB8: =AD8/$AD$12 -> 0.26744186 | AC8: 18 | AD8: =SUM(AE8:CD8) -> 69 | AE8: =COUNTIFS(시험용!$B:$B,Graph!AE$3,시험용!$CB:$CB,Graph!$AC8) -> 1 | AF8: =COUNTIFS(시험용!$B:$B,Graph!AF$3,시험용!$CB:$CB,Graph!$AC8) -> 3 | AG8: =COUNTIFS(시험용!$B:$B,Graph!AG$3,시험용!$CB:$CB,Graph!$AC8) -> 2 | AH8: =COUNTIFS(시험용!$B:$B,Graph!AH$3,시험용!$CB:$CB,Graph!$AC8) -> 1 | AI8: =COUNTIFS(시험용!$B:$B,Graph!AI$3,시험용!$CB:$CB,Graph!$AC8) -> 4 | AJ8: =COUNTIFS(시험용!$B:$B,Graph!AJ$3,시험용!$CB:$CB,Graph!$AC8) -> 3 | AK8: =COUNTIFS(시험용!$B:$B,Graph!AK$3,시험용!$CB:$CB,Graph!$AC8) -> 0 | AL8: =COUNTIFS(시험용!$B:$B,Graph!AL$3,시험용!$CB:$CB,Graph!$AC8) -> 2 | ... CD8: =COUNTIFS(시험용!$B:$B,Graph!CD$3,시험용!$CB:$CB,Graph!$AC8) -> 0
AB9: =AD9/$AD$12 -> 0.18992248 | AC9: 19 | AD9: =SUM(AE9:CD9) -> 49 | AE9: =COUNTIFS(시험용!$B:$B,Graph!AE$3,시험용!$CB:$CB,Graph!$AC9) -> 2 | AF9: =COUNTIFS(시험용!$B:$B,Graph!AF$3,시험용!$CB:$CB,Graph!$AC9) -> 0 | AG9: =COUNTIFS(시험용!$B:$B,Graph!AG$3,시험용!$CB:$CB,Graph!$AC9) -> 0 | AH9: =COUNTIFS(시험용!$B:$B,Graph!AH$3,시험용!$CB:$CB,Graph!$AC9) -> 2 | AI9: =COUNTIFS(시험용!$B:$B,Graph!AI$3,시험용!$CB:$CB,Graph!$AC9) -> 5 | AJ9: =COUNTIFS(시험용!$B:$B,Graph!AJ$3,시험용!$CB:$CB,Graph!$AC9) -> 1 | AK9: =COUNTIFS(시험용!$B:$B,Graph!AK$3,시험용!$CB:$CB,Graph!$AC9) -> 0 | AL9: =COUNTIFS(시험용!$B:$B,Graph!AL$3,시험용!$CB:$CB,Graph!$AC9) -> 0 | ... CD9: =COUNTIFS(시험용!$B:$B,Graph!CD$3,시험용!$CB:$CB,Graph!$AC9) -> 0
AB10: =AD10/$AD$12 -> 0.20155039 | AC10: 20 | AD10: =SUM(AE10:CD10) -> 52 | AE10: =COUNTIFS(시험용!$B:$B,Graph!AE$3,시험용!$CB:$CB,Graph!$AC10) -> 1 | AF10: =COUNTIFS(시험용!$B:$B,Graph!AF$3,시험용!$CB:$CB,Graph!$AC10) -> 4 | AG10: =COUNTIFS(시험용!$B:$B,Graph!AG$3,시험용!$CB:$CB,Graph!$AC10) -> 1 | AH10: =COUNTIFS(시험용!$B:$B,Graph!AH$3,시험용!$CB:$CB,Graph!$AC10) -> 2 | AI10: =COUNTIFS(시험용!$B:$B,Graph!AI$3,시험용!$CB:$CB,Graph!$AC10) -> 3 | AJ10: =COUNTIFS(시험용!$B:$B,Graph!AJ$3,시험용!$CB:$CB,Graph!$AC10) -> 1 | AK10: =COUNTIFS(시험용!$B:$B,Graph!AK$3,시험용!$CB:$CB,Graph!$AC10) -> 0 | AL10: =COUNTIFS(시험용!$B:$B,Graph!AL$3,시험용!$CB:$CB,Graph!$AC10) -> 6 | ... CD10: =COUNTIFS(시험용!$B:$B,Graph!CD$3,시험용!$CB:$CB,Graph!$AC10) -> 0
AB11: =AD11/$AD$12 -> 0.034883721 | AC11: 21 | AD11: =SUM(AE11:CD11) -> 9 | AE11: =COUNTIFS(시험용!$B:$B,Graph!AE$3,시험용!$CB:$CB,Graph!$AC11) -> 0 | AF11: =COUNTIFS(시험용!$B:$B,Graph!AF$3,시험용!$CB:$CB,Graph!$AC11) -> 0 | AG11: =COUNTIFS(시험용!$B:$B,Graph!AG$3,시험용!$CB:$CB,Graph!$AC11) -> 0 | AH11: =COUNTIFS(시험용!$B:$B,Graph!AH$3,시험용!$CB:$CB,Graph!$AC11) -> 1 | AI11: =COUNTIFS(시험용!$B:$B,Graph!AI$3,시험용!$CB:$CB,Graph!$AC11) -> 0 | AJ11: =COUNTIFS(시험용!$B:$B,Graph!AJ$3,시험용!$CB:$CB,Graph!$AC11) -> 0 | AK11: =COUNTIFS(시험용!$B:$B,Graph!AK$3,시험용!$CB:$CB,Graph!$AC11) -> 1 | AL11: =COUNTIFS(시험용!$B:$B,Graph!AL$3,시험용!$CB:$CB,Graph!$AC11) -> 0 | ... CD11: =COUNTIFS(시험용!$B:$B,Graph!CD$3,시험용!$CB:$CB,Graph!$AC11) -> 0
AC12: SUM | AD12: =SUM(AD4:AD11) -> 258 | AE12: =SUM(AE4:AE11) -> 7 | AF12: =SUM(AF4:AF11) -> 7 | AG12: =SUM(AG4:AG11) -> 5 | AH12: =SUM(AH4:AH11) -> 13 | AI12: =SUM(AI4:AI11) -> 14 | AJ12: =SUM(AJ4:AJ11) -> 7 | AK12: =SUM(AK4:AK11) -> 1 | ... CD12: =SUM(CD4:CD11) -> 0
AC15: ◎ 인치별 양시 제조 규격 수
AB16: Portion | AC16: DOT | AD16: SUB | AE16: 1 | AF16: 2 | AG16: 3 | AH16: 4 | AI16: 5 | AJ16: 6 | AK16: 7 | AL16: 8 | AM16: 9 | AN16: 10 | AO16: 11 | AP16: 12 | AQ16: 13 | AR16: 14 | AS16: 15 | AT16: 16 | AU16: 17 | AV16: 18 | AW16: 19 | AX16: 20 | AY16: 21 | AZ16: 22 | BA16: 23 | BB16: 24 | BC16: 25 | BD16: 26 | BE16: 27 | BF16: 28 | BG16: 29 | BH16: 30 | BI16: 31 | BJ16: 32 | BK16: 33 | BL16: 34 | BM16: 35 | BN16: 36 | BO16: 37 | BP16: 38 | BQ16: 39 | BR16: 40 | BS16: 41 | BT16: 42 | BU16: 43 | BV16: 44 | BW16: 45 | BX16: 46 | BY16: 47 | BZ16: 48 | CA16: 49 | CB16: 50 | CC16: 51 | CD16: 52
AB17: =AD17/$AD$25 -> 0.019607843 | AC17: 14 | AD17: =SUM(AE17:CD17) -> 2 | AE17: =COUNTIFS(양시!$A:$A,Graph!AE$16,양시!$CE:$CE,Graph!$AC17) -> 0 | AF17: =COUNTIFS(양시!$A:$A,Graph!AF$16,양시!$CE:$CE,Graph!$AC17) -> 0 | AG17: =COUNTIFS(양시!$A:$A,Graph!AG$16,양시!$CE:$CE,Graph!$AC17) -> 0 | AH17: =COUNTIFS(양시!$A:$A,Graph!AH$16,양시!$CE:$CE,Graph!$AC17) -> 0 | AI17: =COUNTIFS(양시!$A:$A,Graph!AI$16,양시!$CE:$CE,Graph!$AC17) -> 0 | AJ17: =COUNTIFS(양시!$A:$A,Graph!AJ$16,양시!$CE:$CE,Graph!$AC17) -> 0 | AK17: =COUNTIFS(양시!$A:$A,Graph!AK$16,양시!$CE:$CE,Graph!$AC17) -> 0 | AL17: =COUNTIFS(양시!$A:$A,Graph!AL$16,양시!$CE:$CE,Graph!$AC17) -> 0 | ... CD17: =COUNTIFS(양시!$A:$A,Graph!CD$16,양시!$CE:$CE,Graph!$AC17) -> 0
AB18: =AD18/$AD$25 -> 0.078431373 | AC18: 15 | AD18: =SUM(AE18:CD18) -> 8 | AE18: =COUNTIFS(양시!$A:$A,Graph!AE$16,양시!$CE:$CE,Graph!$AC18) -> 3 | AF18: =COUNTIFS(양시!$A:$A,Graph!AF$16,양시!$CE:$CE,Graph!$AC18) -> 0 | AG18: =COUNTIFS(양시!$A:$A,Graph!AG$16,양시!$CE:$CE,Graph!$AC18) -> 0 | AH18: =COUNTIFS(양시!$A:$A,Graph!AH$16,양시!$CE:$CE,Graph!$AC18) -> 1 | AI18: =COUNTIFS(양시!$A:$A,Graph!AI$16,양시!$CE:$CE,Graph!$AC18) -> 0 | AJ18: =COUNTIFS(양시!$A:$A,Graph!AJ$16,양시!$CE:$CE,Graph!$AC18) -> 0 | AK18: =COUNTIFS(양시!$A:$A,Graph!AK$16,양시!$CE:$CE,Graph!$AC18) -> 1 | AL18: =COUNTIFS(양시!$A:$A,Graph!AL$16,양시!$CE:$CE,Graph!$AC18) -> 1 | ... CD18: =COUNTIFS(양시!$A:$A,Graph!CD$16,양시!$CE:$CE,Graph!$AC18) -> 0
AB19: =AD19/$AD$25 -> 0.16666667 | AC19: 16 | AD19: =SUM(AE19:CD19) -> 17 | AE19: =COUNTIFS(양시!$A:$A,Graph!AE$16,양시!$CE:$CE,Graph!$AC19) -> 0 | AF19: =COUNTIFS(양시!$A:$A,Graph!AF$16,양시!$CE:$CE,Graph!$AC19) -> 0 | AG19: =COUNTIFS(양시!$A:$A,Graph!AG$16,양시!$CE:$CE,Graph!$AC19) -> 1 | AH19: =COUNTIFS(양시!$A:$A,Graph!AH$16,양시!$CE:$CE,Graph!$AC19) -> 0 | AI19: =COUNTIFS(양시!$A:$A,Graph!AI$16,양시!$CE:$CE,Graph!$AC19) -> 3 | AJ19: =COUNTIFS(양시!$A:$A,Graph!AJ$16,양시!$CE:$CE,Graph!$AC19) -> 0 | AK19: =COUNTIFS(양시!$A:$A,Graph!AK$16,양시!$CE:$CE,Graph!$AC19) -> 1 | AL19: =COUNTIFS(양시!$A:$A,Graph!AL$16,양시!$CE:$CE,Graph!$AC19) -> 2 | ... CD19: =COUNTIFS(양시!$A:$A,Graph!CD$16,양시!$CE:$CE,Graph!$AC19) -> 0
AB20: =AD20/$AD$25 -> 0.039215686 | AC20: 17 | AD20: =SUM(AE20:CD20) -> 4 | AE20: =COUNTIFS(양시!$A:$A,Graph!AE$16,양시!$CE:$CE,Graph!$AC20) -> 0 | AF20: =COUNTIFS(양시!$A:$A,Graph!AF$16,양시!$CE:$CE,Graph!$AC20) -> 0 | AG20: =COUNTIFS(양시!$A:$A,Graph!AG$16,양시!$CE:$CE,Graph!$AC20) -> 0 | AH20: =COUNTIFS(양시!$A:$A,Graph!AH$16,양시!$CE:$CE,Graph!$AC20) -> 0 | AI20: =COUNTIFS(양시!$A:$A,Graph!AI$16,양시!$CE:$CE,Graph!$AC20) -> 1 | AJ20: =COUNTIFS(양시!$A:$A,Graph!AJ$16,양시!$CE:$CE,Graph!$AC20) -> 1 | AK20: =COUNTIFS(양시!$A:$A,Graph!AK$16,양시!$CE:$CE,Graph!$AC20) -> 0 | AL20: =COUNTIFS(양시!$A:$A,Graph!AL$16,양시!$CE:$CE,Graph!$AC20) -> 0 | ... CD20: =COUNTIFS(양시!$A:$A,Graph!CD$16,양시!$CE:$CE,Graph!$AC20) -> 0
AB21: =AD21/$AD$25 -> 0.24509804 | AC21: 18 | AD21: =SUM(AE21:CD21) -> 25 | AE21: =COUNTIFS(양시!$A:$A,Graph!AE$16,양시!$CE:$CE,Graph!$AC21) -> 1 | AF21: =COUNTIFS(양시!$A:$A,Graph!AF$16,양시!$CE:$CE,Graph!$AC21) -> 0 | AG21: =COUNTIFS(양시!$A:$A,Graph!AG$16,양시!$CE:$CE,Graph!$AC21) -> 1 | AH21: =COUNTIFS(양시!$A:$A,Graph!AH$16,양시!$CE:$CE,Graph!$AC21) -> 0 | AI21: =COUNTIFS(양시!$A:$A,Graph!AI$16,양시!$CE:$CE,Graph!$AC21) -> 3 | AJ21: =COUNTIFS(양시!$A:$A,Graph!AJ$16,양시!$CE:$CE,Graph!$AC21) -> 1 | AK21: =COUNTIFS(양시!$A:$A,Graph!AK$16,양시!$CE:$CE,Graph!$AC21) -> 0 | AL21: =COUNTIFS(양시!$A:$A,Graph!AL$16,양시!$CE:$CE,Graph!$AC21) -> 3 | ... CD21: =COUNTIFS(양시!$A:$A,Graph!CD$16,양시!$CE:$CE,Graph!$AC21) -> 0
AB22: =AD22/$AD$25 -> 0.14705882 | AC22: 19 | AD22: =SUM(AE22:CD22) -> 15 | AE22: =COUNTIFS(양시!$A:$A,Graph!AE$16,양시!$CE:$CE,Graph!$AC22) -> 2 | AF22: =COUNTIFS(양시!$A:$A,Graph!AF$16,양시!$CE:$CE,Graph!$AC22) -> 0 | AG22: =COUNTIFS(양시!$A:$A,Graph!AG$16,양시!$CE:$CE,Graph!$AC22) -> 1 | AH22: =COUNTIFS(양시!$A:$A,Graph!AH$16,양시!$CE:$CE,Graph!$AC22) -> 3 | AI22: =COUNTIFS(양시!$A:$A,Graph!AI$16,양시!$CE:$CE,Graph!$AC22) -> 0 | AJ22: =COUNTIFS(양시!$A:$A,Graph!AJ$16,양시!$CE:$CE,Graph!$AC22) -> 0 | AK22: =COUNTIFS(양시!$A:$A,Graph!AK$16,양시!$CE:$CE,Graph!$AC22) -> 0 | AL22: =COUNTIFS(양시!$A:$A,Graph!AL$16,양시!$CE:$CE,Graph!$AC22) -> 0 | ... CD22: =COUNTIFS(양시!$A:$A,Graph!CD$16,양시!$CE:$CE,Graph!$AC22) -> 0
AB23: =AD23/$AD$25 -> 0.26470588 | AC23: 20 | AD23: =SUM(AE23:CD23) -> 27 | AE23: =COUNTIFS(양시!$A:$A,Graph!AE$16,양시!$CE:$CE,Graph!$AC23) -> 1 | AF23: =COUNTIFS(양시!$A:$A,Graph!AF$16,양시!$CE:$CE,Graph!$AC23) -> 0 | AG23: =COUNTIFS(양시!$A:$A,Graph!AG$16,양시!$CE:$CE,Graph!$AC23) -> 3 | AH23: =COUNTIFS(양시!$A:$A,Graph!AH$16,양시!$CE:$CE,Graph!$AC23) -> 2 | AI23: =COUNTIFS(양시!$A:$A,Graph!AI$16,양시!$CE:$CE,Graph!$AC23) -> 1 | AJ23: =COUNTIFS(양시!$A:$A,Graph!AJ$16,양시!$CE:$CE,Graph!$AC23) -> 2 | AK23: =COUNTIFS(양시!$A:$A,Graph!AK$16,양시!$CE:$CE,Graph!$AC23) -> 1 | AL23: =COUNTIFS(양시!$A:$A,Graph!AL$16,양시!$CE:$CE,Graph!$AC23) -> 2 | ... CD23: =COUNTIFS(양시!$A:$A,Graph!CD$16,양시!$CE:$CE,Graph!$AC23) -> 0
AB24: =AD24/$AD$25 -> 0.039215686 | AC24: 21 | AD24: =SUM(AE24:CD24) -> 4 | AE24: =COUNTIFS(양시!$A:$A,Graph!AE$16,양시!$CE:$CE,Graph!$AC24) -> 1 | AF24: =COUNTIFS(양시!$A:$A,Graph!AF$16,양시!$CE:$CE,Graph!$AC24) -> 0 | AG24: =COUNTIFS(양시!$A:$A,Graph!AG$16,양시!$CE:$CE,Graph!$AC24) -> 1 | AH24: =COUNTIFS(양시!$A:$A,Graph!AH$16,양시!$CE:$CE,Graph!$AC24) -> 0 | AI24: =COUNTIFS(양시!$A:$A,Graph!AI$16,양시!$CE:$CE,Graph!$AC24) -> 0 | AJ24: =COUNTIFS(양시!$A:$A,Graph!AJ$16,양시!$CE:$CE,Graph!$AC24) -> 1 | AK24: =COUNTIFS(양시!$A:$A,Graph!AK$16,양시!$CE:$CE,Graph!$AC24) -> 0 | AL24: =COUNTIFS(양시!$A:$A,Graph!AL$16,양시!$CE:$CE,Graph!$AC24) -> 0 | ... CD24: =COUNTIFS(양시!$A:$A,Graph!CD$16,양시!$CE:$CE,Graph!$AC24) -> 0
AC25: SUM | AD25: =SUM(AD17:AD24) -> 102 | AE25: =SUM(AE17:AE24) -> 8 | AF25: =SUM(AF17:AF24) -> 0 | AG25: =SUM(AG17:AG24) -> 7 | AH25: =SUM(AH17:AH24) -> 6 | AI25: =SUM(AI17:AI24) -> 8 | AJ25: =SUM(AJ17:AJ24) -> 5 | AK25: =SUM(AK17:AK24) -> 3 | ... CD25: =SUM(CD17:CD24) -> 0
AC28: ※ 시험용 목적별 요청 수량
AB29: Portion | AC29: DOT | AD29: SUB | AE29: 1 | AF29: 2 | AG29: 3 | AH29: 4 | AI29: 5 | AJ29: 6 | AK29: 7 | AL29: 8 | AM29: 9 | AN29: 10 | AO29: 11 | AP29: 12 | AQ29: 13 | AR29: 14 | AS29: 15 | AT29: 16 | AU29: 17 | AV29: 18 | AW29: 19 | AX29: 20 | AY29: 21 | AZ29: 22 | BA29: 23 | BB29: 24 | BC29: 25 | BD29: 26 | BE29: 27 | BF29: 28 | BG29: 29 | BH29: 30 | BI29: 31 | BJ29: 32 | BK29: 33 | BL29: 34 | BM29: 35 | BN29: 36 | BO29: 37 | BP29: 38 | BQ29: 39 | BR29: 40 | BS29: 41 | BT29: 42 | BU29: 43 | BV29: 44 | BW29: 45 | BX29: 46 | BY29: 47 | BZ29: 48 | CA29: 49 | CB29: 50 | CC29: 51 | CD29: 52
AB30: =SUM(AD30:AD33)/SUM(AD30:AD40) -> 0.27804878 | AC30: Cost Optimization | AD30: =SUM(AE30:CD30) -> 12 | AE30: =COUNTIFS(시험요청!$A:$A,Graph!AE$29,시험요청!$AQ:$AQ,Graph!$AC30) -> 0 | AF30: =COUNTIFS(시험요청!$A:$A,Graph!AF$29,시험요청!$AQ:$AQ,Graph!$AC30) -> 0 | AG30: =COUNTIFS(시험요청!$A:$A,Graph!AG$29,시험요청!$AQ:$AQ,Graph!$AC30) -> 0 | AH30: =COUNTIFS(시험요청!$A:$A,Graph!AH$29,시험요청!$AQ:$AQ,Graph!$AC30) -> 3 | AI30: =COUNTIFS(시험요청!$A:$A,Graph!AI$29,시험요청!$AQ:$AQ,Graph!$AC30) -> 1 | AJ30: =COUNTIFS(시험요청!$A:$A,Graph!AJ$29,시험요청!$AQ:$AQ,Graph!$AC30) -> 0 | AK30: =COUNTIFS(시험요청!$A:$A,Graph!AK$29,시험요청!$AQ:$AQ,Graph!$AC30) -> 0 | AL30: =COUNTIFS(시험요청!$A:$A,Graph!AL$29,시험요청!$AQ:$AQ,Graph!$AC30) -> 0 | ... CD30: =COUNTIFS(시험요청!$A:$A,Graph!CD$29,시험요청!$AQ:$AQ,Graph!$AC30) -> 0
AC31: New Technology | AD31: =SUM(AE31:CD31) -> 16 | AE31: =COUNTIFS(시험요청!$A:$A,Graph!AE$29,시험요청!$AQ:$AQ,Graph!$AC31) -> 0 | AF31: =COUNTIFS(시험요청!$A:$A,Graph!AF$29,시험요청!$AQ:$AQ,Graph!$AC31) -> 0 | AG31: =COUNTIFS(시험요청!$A:$A,Graph!AG$29,시험요청!$AQ:$AQ,Graph!$AC31) -> 0 | AH31: =COUNTIFS(시험요청!$A:$A,Graph!AH$29,시험요청!$AQ:$AQ,Graph!$AC31) -> 0 | AI31: =COUNTIFS(시험요청!$A:$A,Graph!AI$29,시험요청!$AQ:$AQ,Graph!$AC31) -> 0 | AJ31: =COUNTIFS(시험요청!$A:$A,Graph!AJ$29,시험요청!$AQ:$AQ,Graph!$AC31) -> 0 | AK31: =COUNTIFS(시험요청!$A:$A,Graph!AK$29,시험요청!$AQ:$AQ,Graph!$AC31) -> 0 | AL31: =COUNTIFS(시험요청!$A:$A,Graph!AL$29,시험요청!$AQ:$AQ,Graph!$AC31) -> 0 | ... CD31: =COUNTIFS(시험요청!$A:$A,Graph!CD$29,시험요청!$AQ:$AQ,Graph!$AC31) -> 0
AC32: Quality Improvement | AD32: =SUM(AE32:CD32) -> 33 | AE32: =COUNTIFS(시험요청!$A:$A,Graph!AE$29,시험요청!$AQ:$AQ,Graph!$AC32) -> 0 | AF32: =COUNTIFS(시험요청!$A:$A,Graph!AF$29,시험요청!$AQ:$AQ,Graph!$AC32) -> 0 | AG32: =COUNTIFS(시험요청!$A:$A,Graph!AG$29,시험요청!$AQ:$AQ,Graph!$AC32) -> 0 | AH32: =COUNTIFS(시험요청!$A:$A,Graph!AH$29,시험요청!$AQ:$AQ,Graph!$AC32) -> 0 | AI32: =COUNTIFS(시험요청!$A:$A,Graph!AI$29,시험요청!$AQ:$AQ,Graph!$AC32) -> 2 | AJ32: =COUNTIFS(시험요청!$A:$A,Graph!AJ$29,시험요청!$AQ:$AQ,Graph!$AC32) -> 2 | AK32: =COUNTIFS(시험요청!$A:$A,Graph!AK$29,시험요청!$AQ:$AQ,Graph!$AC32) -> 1 | AL32: =COUNTIFS(시험요청!$A:$A,Graph!AL$29,시험요청!$AQ:$AQ,Graph!$AC32) -> 1 | ... CD32: =COUNTIFS(시험요청!$A:$A,Graph!CD$29,시험요청!$AQ:$AQ,Graph!$AC32) -> 0
AC33: Research | AD33: =SUM(AE33:CD33) -> 53 | AE33: =COUNTIFS(시험요청!$A:$A,Graph!AE$29,시험요청!$AQ:$AQ,Graph!$AC33) -> 0 | AF33: =COUNTIFS(시험요청!$A:$A,Graph!AF$29,시험요청!$AQ:$AQ,Graph!$AC33) -> 0 | AG33: =COUNTIFS(시험요청!$A:$A,Graph!AG$29,시험요청!$AQ:$AQ,Graph!$AC33) -> 0 | AH33: =COUNTIFS(시험요청!$A:$A,Graph!AH$29,시험요청!$AQ:$AQ,Graph!$AC33) -> 0 | AI33: =COUNTIFS(시험요청!$A:$A,Graph!AI$29,시험요청!$AQ:$AQ,Graph!$AC33) -> 2 | AJ33: =COUNTIFS(시험요청!$A:$A,Graph!AJ$29,시험요청!$AQ:$AQ,Graph!$AC33) -> 2 | AK33: =COUNTIFS(시험요청!$A:$A,Graph!AK$29,시험요청!$AQ:$AQ,Graph!$AC33) -> 0 | AL33: =COUNTIFS(시험요청!$A:$A,Graph!AL$29,시험요청!$AQ:$AQ,Graph!$AC33) -> 3 | ... CD33: =COUNTIFS(시험요청!$A:$A,Graph!CD$29,시험요청!$AQ:$AQ,Graph!$AC33) -> 0
AB34: =SUM(AD34:AD34)/SUM(AD30:AD40) -> 0.18536585 | AC34: Transfer Dev. | AD34: =SUM(AE34:CD34) -> 76 | AE34: =COUNTIFS(시험요청!$A:$A,Graph!AE$29,시험요청!$AQ:$AQ,Graph!$AC34) -> 6 | AF34: =COUNTIFS(시험요청!$A:$A,Graph!AF$29,시험요청!$AQ:$AQ,Graph!$AC34) -> 4 | AG34: =COUNTIFS(시험요청!$A:$A,Graph!AG$29,시험요청!$AQ:$AQ,Graph!$AC34) -> 5 | AH34: =COUNTIFS(시험요청!$A:$A,Graph!AH$29,시험요청!$AQ:$AQ,Graph!$AC34) -> 3 | AI34: =COUNTIFS(시험요청!$A:$A,Graph!AI$29,시험요청!$AQ:$AQ,Graph!$AC34) -> 3 | AJ34: =COUNTIFS(시험요청!$A:$A,Graph!AJ$29,시험요청!$AQ:$AQ,Graph!$AC34) -> 3 | AK34: =COUNTIFS(시험요청!$A:$A,Graph!AK$29,시험요청!$AQ:$AQ,Graph!$AC34) -> 2 | AL34: =COUNTIFS(시험요청!$A:$A,Graph!AL$29,시험요청!$AQ:$AQ,Graph!$AC34) -> 4 | ... CD34: =COUNTIFS(시험요청!$A:$A,Graph!CD$29,시험요청!$AQ:$AQ,Graph!$AC34) -> 0
AB35: =SUM(AD35:AD36)/SUM(AD30:AD40) -> 0.33658537 | AC35: Expand | AD35: =SUM(AE35:CD35) -> 118 | AE35: =COUNTIFS(시험요청!$A:$A,Graph!AE$29,시험요청!$AQ:$AQ,Graph!$AC35) -> 10 | AF35: =COUNTIFS(시험요청!$A:$A,Graph!AF$29,시험요청!$AQ:$AQ,Graph!$AC35) -> 9 | AG35: =COUNTIFS(시험요청!$A:$A,Graph!AG$29,시험요청!$AQ:$AQ,Graph!$AC35) -> 2 | AH35: =COUNTIFS(시험요청!$A:$A,Graph!AH$29,시험요청!$AQ:$AQ,Graph!$AC35) -> 4 | AI35: =COUNTIFS(시험요청!$A:$A,Graph!AI$29,시험요청!$AQ:$AQ,Graph!$AC35) -> 3 | AJ35: =COUNTIFS(시험요청!$A:$A,Graph!AJ$29,시험요청!$AQ:$AQ,Graph!$AC35) -> 3 | AK35: =COUNTIFS(시험요청!$A:$A,Graph!AK$29,시험요청!$AQ:$AQ,Graph!$AC35) -> 3 | AL35: =COUNTIFS(시험요청!$A:$A,Graph!AL$29,시험요청!$AQ:$AQ,Graph!$AC35) -> 6 | ... CD35: =COUNTIFS(시험요청!$A:$A,Graph!CD$29,시험요청!$AQ:$AQ,Graph!$AC35) -> 0
AC36: Model Dev. | AD36: =SUM(AE36:CD36) -> 20 | AE36: =COUNTIFS(시험요청!$A:$A,Graph!AE$29,시험요청!$AQ:$AQ,Graph!$AC36) -> 1 | AF36: =COUNTIFS(시험요청!$A:$A,Graph!AF$29,시험요청!$AQ:$AQ,Graph!$AC36) -> 1 | AG36: =COUNTIFS(시험요청!$A:$A,Graph!AG$29,시험요청!$AQ:$AQ,Graph!$AC36) -> 0 | AH36: =COUNTIFS(시험요청!$A:$A,Graph!AH$29,시험요청!$AQ:$AQ,Graph!$AC36) -> 1 | AI36: =COUNTIFS(시험요청!$A:$A,Graph!AI$29,시험요청!$AQ:$AQ,Graph!$AC36) -> 2 | AJ36: =COUNTIFS(시험요청!$A:$A,Graph!AJ$29,시험요청!$AQ:$AQ,Graph!$AC36) -> 1 | AK36: =COUNTIFS(시험요청!$A:$A,Graph!AK$29,시험요청!$AQ:$AQ,Graph!$AC36) -> 0 | AL36: =COUNTIFS(시험요청!$A:$A,Graph!AL$29,시험요청!$AQ:$AQ,Graph!$AC36) -> 3 | ... CD36: =COUNTIFS(시험요청!$A:$A,Graph!CD$29,시험요청!$AQ:$AQ,Graph!$AC36) -> 0
AB37: =SUM(AD37:AD38)/SUM(AD30:AD40) -> 0.048780488 | AC37: Magazine Test | AD37: =SUM(AE37:CD37) -> 1 | AE37: =COUNTIFS(시험요청!$A:$A,Graph!AE$29,시험요청!$AQ:$AQ,Graph!$AC37) -> 0 | AF37: =COUNTIFS(시험요청!$A:$A,Graph!AF$29,시험요청!$AQ:$AQ,Graph!$AC37) -> 0 | AG37: =COUNTIFS(시험요청!$A:$A,Graph!AG$29,시험요청!$AQ:$AQ,Graph!$AC37) -> 0 | AH37: =COUNTIFS(시험요청!$A:$A,Graph!AH$29,시험요청!$AQ:$AQ,Graph!$AC37) -> 0 | AI37: =COUNTIFS(시험요청!$A:$A,Graph!AI$29,시험요청!$AQ:$AQ,Graph!$AC37) -> 0 | AJ37: =COUNTIFS(시험요청!$A:$A,Graph!AJ$29,시험요청!$AQ:$AQ,Graph!$AC37) -> 0 | AK37: =COUNTIFS(시험요청!$A:$A,Graph!AK$29,시험요청!$AQ:$AQ,Graph!$AC37) -> 0 | AL37: =COUNTIFS(시험요청!$A:$A,Graph!AL$29,시험요청!$AQ:$AQ,Graph!$AC37) -> 0 | ... CD37: =COUNTIFS(시험요청!$A:$A,Graph!CD$29,시험요청!$AQ:$AQ,Graph!$AC37) -> 0
AC38: OE | AD38: =SUM(AE38:CD38) -> 19 | AE38: =COUNTIFS(시험요청!$A:$A,Graph!AE$29,시험요청!$AQ:$AQ,Graph!$AC38) -> 0 | AF38: =COUNTIFS(시험요청!$A:$A,Graph!AF$29,시험요청!$AQ:$AQ,Graph!$AC38) -> 0 | AG38: =COUNTIFS(시험요청!$A:$A,Graph!AG$29,시험요청!$AQ:$AQ,Graph!$AC38) -> 0 | AH38: =COUNTIFS(시험요청!$A:$A,Graph!AH$29,시험요청!$AQ:$AQ,Graph!$AC38) -> 3 | AI38: =COUNTIFS(시험요청!$A:$A,Graph!AI$29,시험요청!$AQ:$AQ,Graph!$AC38) -> 0 | AJ38: =COUNTIFS(시험요청!$A:$A,Graph!AJ$29,시험요청!$AQ:$AQ,Graph!$AC38) -> 0 | AK38: =COUNTIFS(시험요청!$A:$A,Graph!AK$29,시험요청!$AQ:$AQ,Graph!$AC38) -> 0 | AL38: =COUNTIFS(시험요청!$A:$A,Graph!AL$29,시험요청!$AQ:$AQ,Graph!$AC38) -> 1 | ... CD38: =COUNTIFS(시험요청!$A:$A,Graph!CD$29,시험요청!$AQ:$AQ,Graph!$AC38) -> 0
AB39: =AD39/SUM(AD30:AD40) -> 0.15121951 | AC39: Racing | AD39: =SUM(AE39:CD39) -> 62 | AE39: =COUNTIFS(시험요청!$A:$A,Graph!AE$29,시험요청!$AQ:$AQ,Graph!$AC39) -> 0 | AF39: =COUNTIFS(시험요청!$A:$A,Graph!AF$29,시험요청!$AQ:$AQ,Graph!$AC39) -> 2 | AG39: =COUNTIFS(시험요청!$A:$A,Graph!AG$29,시험요청!$AQ:$AQ,Graph!$AC39) -> 0 | AH39: =COUNTIFS(시험요청!$A:$A,Graph!AH$29,시험요청!$AQ:$AQ,Graph!$AC39) -> 0 | AI39: =COUNTIFS(시험요청!$A:$A,Graph!AI$29,시험요청!$AQ:$AQ,Graph!$AC39) -> 4 | AJ39: =COUNTIFS(시험요청!$A:$A,Graph!AJ$29,시험요청!$AQ:$AQ,Graph!$AC39) -> 0 | AK39: =COUNTIFS(시험요청!$A:$A,Graph!AK$29,시험요청!$AQ:$AQ,Graph!$AC39) -> 0 | AL39: =COUNTIFS(시험요청!$A:$A,Graph!AL$29,시험요청!$AQ:$AQ,Graph!$AC39) -> 0 | ... CD39: =COUNTIFS(시험요청!$A:$A,Graph!CD$29,시험요청!$AQ:$AQ,Graph!$AC39) -> 0
AB40: =AD40/SUM(AD30:AD40) -> 0 | AC40: TBR | AD40: =SUM(AE40:CD40) -> 0 | AE40: =TBR!D2 -> 0 | AF40: =TBR!E2 -> 0 | AG40: =TBR!F2 -> 0 | AH40: =TBR!G2 -> 0 | AI40: =TBR!H2 -> 0 | AJ40: =TBR!I2 -> 0 | AK40: =TBR!J2 -> 0 | AL40: =TBR!K2 -> 0 | ... CD40: =TBR!BC2 -> 0
U43: =U44/R44 -> 0.71428571 | AC43: ※ 시험용 목적별 반영 수량
N44: ※ DOT = | O44: 23 | Q44: 요청 = | R44: =SUM(Z52:Z57) -> 14 | T44: 반영 = | U44: =SUM(Z45:Z50) -> 10 | X44: [ 반영 ] | AB44: Portion | AC44: DOT | AD44: SUB | AE44: 1 | AF44: 2 | AG44: 3 | AH44: 4 | AI44: 5 | AJ44: 6 | AK44: 7 | AL44: 8 | AM44: 9 | AN44: 10 | AO44: 11 | AP44: 12 | AQ44: 13 | AR44: 14 | AS44: 15 | AT44: 16 | AU44: 17 | AV44: 18 | AW44: 19 | AX44: 20 | AY44: 21 | AZ44: 22 | BA44: 23 | BB44: 24 | BC44: 25 | BD44: 26 | BE44: 27 | BF44: 28 | BG44: 29 | BH44: 30 | BI44: 31 | BJ44: 32 | BK44: 33 | BL44: 34 | BM44: 35 | BN44: 36 | BO44: 37 | BP44: 38 | BQ44: 39 | BR44: 40 | BS44: 41 | BT44: 42 | BU44: 43 | BV44: 44 | BW44: 45 | BX44: 46 | BY44: 47 | BZ44: 48 | CA44: 49 | CB44: 50 | CC44: 51 | CD44: 52
O45: 29 | X45: Qaulity | Z45: =IFERROR(HLOOKUP($O$44,$AE$44:$CD$55,2,FALSE),"")+IFERROR(HLOOKUP($O$44,$AE$44:$CD$55,3,FALSE),"")+IFERROR(HLOOKUP($O$44,$AE$44:$CD$55,4,FALSE),"")+IFERROR(HLOOKUP($O$44,$AE$44:$CD$55,5,FALSE),"") -> 3 | AB45: =SUM(AD45:AD48)/SUM(AD45:AD55) -> 0.26037736 | AC45: Cost Optimization | AD45: =SUM(AE45:CD45) -> 7 | AE45: =COUNTIFS(시험요청!$A:$A,Graph!AE$44,시험요청!$AQ:$AQ,Graph!$AC45,시험요청!$EW:$EW,"0") -> 0 | AF45: =COUNTIFS(시험요청!$A:$A,Graph!AF$44,시험요청!$AQ:$AQ,Graph!$AC45,시험요청!$EW:$EW,"0") -> 0 | AG45: =COUNTIFS(시험요청!$A:$A,Graph!AG$44,시험요청!$AQ:$AQ,Graph!$AC45,시험요청!$EW:$EW,"0") -> 0 | AH45: =COUNTIFS(시험요청!$A:$A,Graph!AH$44,시험요청!$AQ:$AQ,Graph!$AC45,시험요청!$EW:$EW,"0") -> 2 | AI45: =COUNTIFS(시험요청!$A:$A,Graph!AI$44,시험요청!$AQ:$AQ,Graph!$AC45,시험요청!$EW:$EW,"0") -> 1 | AJ45: =COUNTIFS(시험요청!$A:$A,Graph!AJ$44,시험요청!$AQ:$AQ,Graph!$AC45,시험요청!$EW:$EW,"0") -> 0 | AK45: =COUNTIFS(시험요청!$A:$A,Graph!AK$44,시험요청!$AQ:$AQ,Graph!$AC45,시험요청!$EW:$EW,"0") -> 0 | AL45: =COUNTIFS(시험요청!$A:$A,Graph!AL$44,시험요청!$AQ:$AQ,Graph!$AC45,시험요청!$EW:$EW,"0") -> 0 | ... CD45: =COUNTIFS(시험요청!$A:$A,Graph!CD$44,시험요청!$AQ:$AQ,Graph!$AC45,시험요청!$EW:$EW,"0") -> 0
X46: Transfer | Z46: =IFERROR(HLOOKUP($O$44,$AE$44:$CD$55,6,FALSE),"") -> 1 | AC46: New Technology | AD46: =SUM(AE46:CD46) -> 11 | AE46: =COUNTIFS(시험요청!$A:$A,Graph!AE$44,시험요청!$AQ:$AQ,Graph!$AC46,시험요청!$EW:$EW,"0") -> 0 | AF46: =COUNTIFS(시험요청!$A:$A,Graph!AF$44,시험요청!$AQ:$AQ,Graph!$AC46,시험요청!$EW:$EW,"0") -> 0 | AG46: =COUNTIFS(시험요청!$A:$A,Graph!AG$44,시험요청!$AQ:$AQ,Graph!$AC46,시험요청!$EW:$EW,"0") -> 0 | AH46: =COUNTIFS(시험요청!$A:$A,Graph!AH$44,시험요청!$AQ:$AQ,Graph!$AC46,시험요청!$EW:$EW,"0") -> 0 | AI46: =COUNTIFS(시험요청!$A:$A,Graph!AI$44,시험요청!$AQ:$AQ,Graph!$AC46,시험요청!$EW:$EW,"0") -> 0 | AJ46: =COUNTIFS(시험요청!$A:$A,Graph!AJ$44,시험요청!$AQ:$AQ,Graph!$AC46,시험요청!$EW:$EW,"0") -> 0 | AK46: =COUNTIFS(시험요청!$A:$A,Graph!AK$44,시험요청!$AQ:$AQ,Graph!$AC46,시험요청!$EW:$EW,"0") -> 0 | AL46: =COUNTIFS(시험요청!$A:$A,Graph!AL$44,시험요청!$AQ:$AQ,Graph!$AC46,시험요청!$EW:$EW,"0") -> 0 | ... CD46: =COUNTIFS(시험요청!$A:$A,Graph!CD$44,시험요청!$AQ:$AQ,Graph!$AC46,시험요청!$EW:$EW,"0") -> 0
X47: Development | Z47: =IFERROR(HLOOKUP($O$44,$AE$44:$CD$55,7,FALSE),"")+IFERROR(HLOOKUP($O$44,$AE$44:$CD$55,8,FALSE),"") -> 6 | AC47: Quality Improvement | AD47: =SUM(AE47:CD47) -> 19 | AE47: =COUNTIFS(시험요청!$A:$A,Graph!AE$44,시험요청!$AQ:$AQ,Graph!$AC47,시험요청!$EW:$EW,"0") -> 0 | AF47: =COUNTIFS(시험요청!$A:$A,Graph!AF$44,시험요청!$AQ:$AQ,Graph!$AC47,시험요청!$EW:$EW,"0") -> 0 | AG47: =COUNTIFS(시험요청!$A:$A,Graph!AG$44,시험요청!$AQ:$AQ,Graph!$AC47,시험요청!$EW:$EW,"0") -> 0 | AH47: =COUNTIFS(시험요청!$A:$A,Graph!AH$44,시험요청!$AQ:$AQ,Graph!$AC47,시험요청!$EW:$EW,"0") -> 0 | AI47: =COUNTIFS(시험요청!$A:$A,Graph!AI$44,시험요청!$AQ:$AQ,Graph!$AC47,시험요청!$EW:$EW,"0") -> 1 | AJ47: =COUNTIFS(시험요청!$A:$A,Graph!AJ$44,시험요청!$AQ:$AQ,Graph!$AC47,시험요청!$EW:$EW,"0") -> 1 | AK47: =COUNTIFS(시험요청!$A:$A,Graph!AK$44,시험요청!$AQ:$AQ,Graph!$AC47,시험요청!$EW:$EW,"0") -> 0 | AL47: =COUNTIFS(시험요청!$A:$A,Graph!AL$44,시험요청!$AQ:$AQ,Graph!$AC47,시험요청!$EW:$EW,"0") -> 1 | ... CD47: =COUNTIFS(시험요청!$A:$A,Graph!CD$44,시험요청!$AQ:$AQ,Graph!$AC47,시험요청!$EW:$EW,"0") -> 0
X48: OE/Magazine | Z48: =IFERROR(HLOOKUP($O$44,$AE$44:$CD$55,9,FALSE),"")+IFERROR(HLOOKUP($O$44,$AE$44:$CD$55,10,FALSE),"") -> 0 | AC48: Research | AD48: =SUM(AE48:CD48) -> 32 | AE48: =COUNTIFS(시험요청!$A:$A,Graph!AE$44,시험요청!$AQ:$AQ,Graph!$AC48,시험요청!$EW:$EW,"0") -> 0 | AF48: =COUNTIFS(시험요청!$A:$A,Graph!AF$44,시험요청!$AQ:$AQ,Graph!$AC48,시험요청!$EW:$EW,"0") -> 0 | AG48: =COUNTIFS(시험요청!$A:$A,Graph!AG$44,시험요청!$AQ:$AQ,Graph!$AC48,시험요청!$EW:$EW,"0") -> 0 | AH48: =COUNTIFS(시험요청!$A:$A,Graph!AH$44,시험요청!$AQ:$AQ,Graph!$AC48,시험요청!$EW:$EW,"0") -> 0 | AI48: =COUNTIFS(시험요청!$A:$A,Graph!AI$44,시험요청!$AQ:$AQ,Graph!$AC48,시험요청!$EW:$EW,"0") -> 2 | AJ48: =COUNTIFS(시험요청!$A:$A,Graph!AJ$44,시험요청!$AQ:$AQ,Graph!$AC48,시험요청!$EW:$EW,"0") -> 2 | AK48: =COUNTIFS(시험요청!$A:$A,Graph!AK$44,시험요청!$AQ:$AQ,Graph!$AC48,시험요청!$EW:$EW,"0") -> 0 | AL48: =COUNTIFS(시험요청!$A:$A,Graph!AL$44,시험요청!$AQ:$AQ,Graph!$AC48,시험요청!$EW:$EW,"0") -> 2 | ... CD48: =COUNTIFS(시험요청!$A:$A,Graph!CD$44,시험요청!$AQ:$AQ,Graph!$AC48,시험요청!$EW:$EW,"0") -> 0
X49: Racing | Z49: =IFERROR(HLOOKUP($O$44,$AE$44:$CD$55,11,FALSE),"") -> 0 | AB49: =SUM(AD49:AD49)/SUM(AD45:AD55) -> 0.13962264 | AC49: Transfer Dev. | AD49: =SUM(AE49:CD49) -> 37 | AE49: =COUNTIFS(시험요청!$A:$A,Graph!AE$44,시험요청!$AQ:$AQ,Graph!$AC49,시험요청!$EW:$EW,"0") -> 3 | AF49: =COUNTIFS(시험요청!$A:$A,Graph!AF$44,시험요청!$AQ:$AQ,Graph!$AC49,시험요청!$EW:$EW,"0") -> 1 | AG49: =COUNTIFS(시험요청!$A:$A,Graph!AG$44,시험요청!$AQ:$AQ,Graph!$AC49,시험요청!$EW:$EW,"0") -> 4 | AH49: =COUNTIFS(시험요청!$A:$A,Graph!AH$44,시험요청!$AQ:$AQ,Graph!$AC49,시험요청!$EW:$EW,"0") -> 3 | AI49: =COUNTIFS(시험요청!$A:$A,Graph!AI$44,시험요청!$AQ:$AQ,Graph!$AC49,시험요청!$EW:$EW,"0") -> 2 | AJ49: =COUNTIFS(시험요청!$A:$A,Graph!AJ$44,시험요청!$AQ:$AQ,Graph!$AC49,시험요청!$EW:$EW,"0") -> 2 | AK49: =COUNTIFS(시험요청!$A:$A,Graph!AK$44,시험요청!$AQ:$AQ,Graph!$AC49,시험요청!$EW:$EW,"0") -> 0 | AL49: =COUNTIFS(시험요청!$A:$A,Graph!AL$44,시험요청!$AQ:$AQ,Graph!$AC49,시험요청!$EW:$EW,"0") -> 2 | ... CD49: =COUNTIFS(시험요청!$A:$A,Graph!CD$44,시험요청!$AQ:$AQ,Graph!$AC49,시험요청!$EW:$EW,"0") -> 0
X50: TBR | Z50: =IFERROR(HLOOKUP($O$44,$AE$44:$CD$55,12,FALSE),"") -> 0 | AB50: =SUM(AD50:AD51)/SUM(AD45:AD55) -> 0.33962264 | AC50: Expand | AD50: =SUM(AE50:CD50) -> 77 | AE50: =COUNTIFS(시험요청!$A:$A,Graph!AE$44,시험요청!$AQ:$AQ,Graph!$AC50,시험요청!$EW:$EW,"0") -> 4 | AF50: =COUNTIFS(시험요청!$A:$A,Graph!AF$44,시험요청!$AQ:$AQ,Graph!$AC50,시험요청!$EW:$EW,"0") -> 4 | AG50: =COUNTIFS(시험요청!$A:$A,Graph!AG$44,시험요청!$AQ:$AQ,Graph!$AC50,시험요청!$EW:$EW,"0") -> 1 | AH50: =COUNTIFS(시험요청!$A:$A,Graph!AH$44,시험요청!$AQ:$AQ,Graph!$AC50,시험요청!$EW:$EW,"0") -> 4 | AI50: =COUNTIFS(시험요청!$A:$A,Graph!AI$44,시험요청!$AQ:$AQ,Graph!$AC50,시험요청!$EW:$EW,"0") -> 3 | AJ50: =COUNTIFS(시험요청!$A:$A,Graph!AJ$44,시험요청!$AQ:$AQ,Graph!$AC50,시험요청!$EW:$EW,"0") -> 1 | AK50: =COUNTIFS(시험요청!$A:$A,Graph!AK$44,시험요청!$AQ:$AQ,Graph!$AC50,시험요청!$EW:$EW,"0") -> 1 | AL50: =COUNTIFS(시험요청!$A:$A,Graph!AL$44,시험요청!$AQ:$AQ,Graph!$AC50,시험요청!$EW:$EW,"0") -> 3 | ... CD50: =COUNTIFS(시험요청!$A:$A,Graph!CD$44,시험요청!$AQ:$AQ,Graph!$AC50,시험요청!$EW:$EW,"0") -> 0
X51: [ 요청 ] | AC51: Model Dev. | AD51: =SUM(AE51:CD51) -> 13 | AE51: =COUNTIFS(시험요청!$A:$A,Graph!AE$44,시험요청!$AQ:$AQ,Graph!$AC51,시험요청!$EW:$EW,"0") -> 0 | AF51: =COUNTIFS(시험요청!$A:$A,Graph!AF$44,시험요청!$AQ:$AQ,Graph!$AC51,시험요청!$EW:$EW,"0") -> 0 | AG51: =COUNTIFS(시험요청!$A:$A,Graph!AG$44,시험요청!$AQ:$AQ,Graph!$AC51,시험요청!$EW:$EW,"0") -> 0 | AH51: =COUNTIFS(시험요청!$A:$A,Graph!AH$44,시험요청!$AQ:$AQ,Graph!$AC51,시험요청!$EW:$EW,"0") -> 1 | AI51: =COUNTIFS(시험요청!$A:$A,Graph!AI$44,시험요청!$AQ:$AQ,Graph!$AC51,시험요청!$EW:$EW,"0") -> 1 | AJ51: =COUNTIFS(시험요청!$A:$A,Graph!AJ$44,시험요청!$AQ:$AQ,Graph!$AC51,시험요청!$EW:$EW,"0") -> 1 | AK51: =COUNTIFS(시험요청!$A:$A,Graph!AK$44,시험요청!$AQ:$AQ,Graph!$AC51,시험요청!$EW:$EW,"0") -> 0 | AL51: =COUNTIFS(시험요청!$A:$A,Graph!AL$44,시험요청!$AQ:$AQ,Graph!$AC51,시험요청!$EW:$EW,"0") -> 3 | ... CD51: =COUNTIFS(시험요청!$A:$A,Graph!CD$44,시험요청!$AQ:$AQ,Graph!$AC51,시험요청!$EW:$EW,"0") -> 0
X52: Qaulity | Z52: =IFERROR(HLOOKUP($O$44,$AE$29:$CD$40,2,FALSE),"")+IFERROR(HLOOKUP($O$44,$AE$29:$CD$40,3,FALSE),"")+IFERROR(HLOOKUP($O$44,$AE$29:$CD$40,4,FALSE),"")+IFERROR(HLOOKUP($O$44,$AE$29:$CD$40,5,FALSE),"") -> 3 | AB52: =SUM(AD52:AD53)/SUM(AD45:AD55) -> 0.067924528 | AC52: Magazine Test | AD52: =SUM(AE52:CD52) -> 1 | AE52: =COUNTIFS(시험요청!$A:$A,Graph!AE$44,시험요청!$AQ:$AQ,Graph!$AC52,시험요청!$EW:$EW,"0") -> 0 | AF52: =COUNTIFS(시험요청!$A:$A,Graph!AF$44,시험요청!$AQ:$AQ,Graph!$AC52,시험요청!$EW:$EW,"0") -> 0 | AG52: =COUNTIFS(시험요청!$A:$A,Graph!AG$44,시험요청!$AQ:$AQ,Graph!$AC52,시험요청!$EW:$EW,"0") -> 0 | AH52: =COUNTIFS(시험요청!$A:$A,Graph!AH$44,시험요청!$AQ:$AQ,Graph!$AC52,시험요청!$EW:$EW,"0") -> 0 | AI52: =COUNTIFS(시험요청!$A:$A,Graph!AI$44,시험요청!$AQ:$AQ,Graph!$AC52,시험요청!$EW:$EW,"0") -> 0 | AJ52: =COUNTIFS(시험요청!$A:$A,Graph!AJ$44,시험요청!$AQ:$AQ,Graph!$AC52,시험요청!$EW:$EW,"0") -> 0 | AK52: =COUNTIFS(시험요청!$A:$A,Graph!AK$44,시험요청!$AQ:$AQ,Graph!$AC52,시험요청!$EW:$EW,"0") -> 0 | AL52: =COUNTIFS(시험요청!$A:$A,Graph!AL$44,시험요청!$AQ:$AQ,Graph!$AC52,시험요청!$EW:$EW,"0") -> 0 | ... CD52: =COUNTIFS(시험요청!$A:$A,Graph!CD$44,시험요청!$AQ:$AQ,Graph!$AC52,시험요청!$EW:$EW,"0") -> 0
X53: Transfer | Z53: =IFERROR(HLOOKUP($O$44,$AE$29:$CD$40,6,FALSE),"") -> 2 | AC53: OE | AD53: =SUM(AE53:CD53) -> 17 | AE53: =COUNTIFS(시험요청!$A:$A,Graph!AE$44,시험요청!$AQ:$AQ,Graph!$AC53,시험요청!$EW:$EW,"0") -> 0 | AF53: =COUNTIFS(시험요청!$A:$A,Graph!AF$44,시험요청!$AQ:$AQ,Graph!$AC53,시험요청!$EW:$EW,"0") -> 0 | AG53: =COUNTIFS(시험요청!$A:$A,Graph!AG$44,시험요청!$AQ:$AQ,Graph!$AC53,시험요청!$EW:$EW,"0") -> 0 | AH53: =COUNTIFS(시험요청!$A:$A,Graph!AH$44,시험요청!$AQ:$AQ,Graph!$AC53,시험요청!$EW:$EW,"0") -> 3 | AI53: =COUNTIFS(시험요청!$A:$A,Graph!AI$44,시험요청!$AQ:$AQ,Graph!$AC53,시험요청!$EW:$EW,"0") -> 0 | AJ53: =COUNTIFS(시험요청!$A:$A,Graph!AJ$44,시험요청!$AQ:$AQ,Graph!$AC53,시험요청!$EW:$EW,"0") -> 0 | AK53: =COUNTIFS(시험요청!$A:$A,Graph!AK$44,시험요청!$AQ:$AQ,Graph!$AC53,시험요청!$EW:$EW,"0") -> 0 | AL53: =COUNTIFS(시험요청!$A:$A,Graph!AL$44,시험요청!$AQ:$AQ,Graph!$AC53,시험요청!$EW:$EW,"0") -> 0 | ... CD53: =COUNTIFS(시험요청!$A:$A,Graph!CD$44,시험요청!$AQ:$AQ,Graph!$AC53,시험요청!$EW:$EW,"0") -> 0
X54: Development | Z54: =IFERROR(HLOOKUP($O$44,$AE$29:$CD$40,7,FALSE),"")+IFERROR(HLOOKUP($O$44,$AE$29:$CD$40,8,FALSE),"") -> 9 | AB54: =AD54/SUM(AD45:AD55) -> 0.19245283 | AC54: Racing | AD54: =SUM(AE54:CD54) -> 51 | AE54: =COUNTIFS(시험요청!$A:$A,Graph!AE$44,시험요청!$AQ:$AQ,Graph!$AC54,시험요청!$EW:$EW,"0") -> 0 | AF54: =COUNTIFS(시험요청!$A:$A,Graph!AF$44,시험요청!$AQ:$AQ,Graph!$AC54,시험요청!$EW:$EW,"0") -> 2 | AG54: =COUNTIFS(시험요청!$A:$A,Graph!AG$44,시험요청!$AQ:$AQ,Graph!$AC54,시험요청!$EW:$EW,"0") -> 0 | AH54: =COUNTIFS(시험요청!$A:$A,Graph!AH$44,시험요청!$AQ:$AQ,Graph!$AC54,시험요청!$EW:$EW,"0") -> 0 | AI54: =COUNTIFS(시험요청!$A:$A,Graph!AI$44,시험요청!$AQ:$AQ,Graph!$AC54,시험요청!$EW:$EW,"0") -> 4 | AJ54: =COUNTIFS(시험요청!$A:$A,Graph!AJ$44,시험요청!$AQ:$AQ,Graph!$AC54,시험요청!$EW:$EW,"0") -> 0 | AK54: =COUNTIFS(시험요청!$A:$A,Graph!AK$44,시험요청!$AQ:$AQ,Graph!$AC54,시험요청!$EW:$EW,"0") -> 0 | AL54: =COUNTIFS(시험요청!$A:$A,Graph!AL$44,시험요청!$AQ:$AQ,Graph!$AC54,시험요청!$EW:$EW,"0") -> 0 | ... CD54: =COUNTIFS(시험요청!$A:$A,Graph!CD$44,시험요청!$AQ:$AQ,Graph!$AC54,시험요청!$EW:$EW,"0") -> 0
X55: OE/Magazine | Z55: =IFERROR(HLOOKUP($O$44,$AE$29:$CD$40,9,FALSE),"")+IFERROR(HLOOKUP($O$44,$AE$29:$CD$40,10,FALSE),"") -> 0 | AB55: =AD55/SUM(AD45:AD55) -> 0 | AC55: TBR | AD55: =SUM(AE55:CD55) -> 0 | AE55: =TBR!D2 -> 0 | AF55: =TBR!E2 -> 0 | AG55: =TBR!F2 -> 0 | AH55: =TBR!G2 -> 0 | AI55: =TBR!H2 -> 0 | AJ55: =TBR!I2 -> 0 | AK55: =TBR!J2 -> 0 | AL55: =TBR!K2 -> 0 | ... CD55: =TBR!BC2 -> 0
X56: Racing | Z56: =IFERROR(HLOOKUP($O$44,$AE$29:$CD$40,11,FALSE),"") -> 0
X57: TBR | Z57: =IFERROR(HLOOKUP($O$44,$AE$29:$CD$40,12,FALSE),"") -> 0
AC58: ※ 시험용 DOT별 반영률
AC59: DOT | AE59: 1 | AF59: 2 | AG59: 3 | AH59: 4 | AI59: 5 | AJ59: 6 | AK59: 7 | AL59: 8 | AM59: 9 | AN59: 10 | AO59: 11 | AP59: 12 | AQ59: 13 | AR59: 14 | AS59: 15 | AT59: 16 | AU59: 17 | AV59: 18 | AW59: 19 | AX59: 20 | AY59: 21 | AZ59: 22 | BA59: 23 | BB59: 24 | BC59: 25 | BD59: 26 | BE59: 27 | BF59: 28 | BG59: 29 | BH59: 30 | BI59: 31 | BJ59: 32 | BK59: 33 | BL59: 34 | BM59: 35 | BN59: 36 | BO59: 37 | BP59: 38 | BQ59: 39 | BR59: 40 | BS59: 41 | BT59: 42 | BU59: 43 | BV59: 44 | BW59: 45 | BX59: 46 | BY59: 47 | BZ59: 48 | CA59: 49 | CB59: 50 | CC59: 51 | CD59: 52
AC60: Cost Optimization | AE60: =IFERROR(AE45/AE30,"") | AF60: =IFERROR(AF45/AF30,"") | AG60: =IFERROR(AG45/AG30,"") | AH60: =IFERROR(AH45/AH30,"") -> 0.66666667 | AI60: =IFERROR(AI45/AI30,"") -> 1 | AJ60: =IFERROR(AJ45/AJ30,"") | AK60: =IFERROR(AK45/AK30,"") | AL60: =IFERROR(AL45/AL30,"") | ... CD60: =IFERROR(CD45/CD30,"")
X61: < 누적 반영 > | AC61: New Technology | AE61: =IFERROR(AE46/AE31,"") | AF61: =IFERROR(AF46/AF31,"") | AG61: =IFERROR(AG46/AG31,"") | AH61: =IFERROR(AH46/AH31,"") | AI61: =IFERROR(AI46/AI31,"") | AJ61: =IFERROR(AJ46/AJ31,"") | AK61: =IFERROR(AK46/AK31,"") | AL61: =IFERROR(AL46/AL31,"") | ... CD61: =IFERROR(CD46/CD31,"")
X62: Qaulity | Z62: =AD45+AD46+AD47+AD48 -> 69 | AC62: Quality Improvement | AE62: =IFERROR(AE47/AE32,"") | AF62: =IFERROR(AF47/AF32,"") | AG62: =IFERROR(AG47/AG32,"") | AH62: =IFERROR(AH47/AH32,"") | AI62: =IFERROR(AI47/AI32,"") -> 0.5 | AJ62: =IFERROR(AJ47/AJ32,"") -> 0.5 | AK62: =IFERROR(AK47/AK32,"") -> 0 | AL62: =IFERROR(AL47/AL32,"") -> 1 | ... CD62: =IFERROR(CD47/CD32,"")
X63: Transfer | Z63: =AD49 -> 37 | AC63: Research | AE63: =IFERROR(AE48/AE33,"") | AF63: =IFERROR(AF48/AF33,"") | AG63: =IFERROR(AG48/AG33,"") | AH63: =IFERROR(AH48/AH33,"") | AI63: =IFERROR(AI48/AI33,"") -> 1 | AJ63: =IFERROR(AJ48/AJ33,"") -> 1 | AK63: =IFERROR(AK48/AK33,"") | AL63: =IFERROR(AL48/AL33,"") -> 0.66666667 | ... CD63: =IFERROR(CD48/CD33,"")
X64: Development | Z64: =AD50+AD51 -> 90 | AC64: Transfer Dev. | AE64: =IFERROR(AE49/AE34,"") -> 0.5 | AF64: =IFERROR(AF49/AF34,"") -> 0.25 | AG64: =IFERROR(AG49/AG34,"") -> 0.8 | AH64: =IFERROR(AH49/AH34,"") -> 1 | AI64: =IFERROR(AI49/AI34,"") -> 0.66666667 | AJ64: =IFERROR(AJ49/AJ34,"") -> 0.66666667 | AK64: =IFERROR(AK49/AK34,"") -> 0 | AL64: =IFERROR(AL49/AL34,"") -> 0.5 | ... CD64: =IFERROR(CD49/CD34,"")
X65: OE/Magazine | Z65: =AD52+AD53 -> 18 | AC65: Expand | AE65: =IFERROR(AE50/AE35,"") -> 0.4 | AF65: =IFERROR(AF50/AF35,"") -> 0.44444444 | AG65: =IFERROR(AG50/AG35,"") -> 0.5 | AH65: =IFERROR(AH50/AH35,"") -> 1 | AI65: =IFERROR(AI50/AI35,"") -> 1 | AJ65: =IFERROR(AJ50/AJ35,"") -> 0.33333333 | AK65: =IFERROR(AK50/AK35,"") -> 0.33333333 | AL65: =IFERROR(AL50/AL35,"") -> 0.5 | ... CD65: =IFERROR(CD50/CD35,"")
X66: Racing | Z66: =AD54 -> 51 | AC66: Model Dev. | AE66: =IFERROR(AE51/AE36,"") -> 0 | AF66: =IFERROR(AF51/AF36,"") -> 0 | AG66: =IFERROR(AG51/AG36,"") | AH66: =IFERROR(AH51/AH36,"") -> 1 | AI66: =IFERROR(AI51/AI36,"") -> 0.5 | AJ66: =IFERROR(AJ51/AJ36,"") -> 1 | AK66: =IFERROR(AK51/AK36,"") | AL66: =IFERROR(AL51/AL36,"") -> 1 | ... CD66: =IFERROR(CD51/CD36,"")
X67: TBR | Z67: =AD55 -> 0 | AC67: Magazine Test | AE67: =IFERROR(AE52/AE37,"") | AF67: =IFERROR(AF52/AF37,"") | AG67: =IFERROR(AG52/AG37,"") | AH67: =IFERROR(AH52/AH37,"") | AI67: =IFERROR(AI52/AI37,"") | AJ67: =IFERROR(AJ52/AJ37,"") | AK67: =IFERROR(AK52/AK37,"") | AL67: =IFERROR(AL52/AL37,"") | ... CD67: =IFERROR(CD52/CD37,"")
AC68: OE | AE68: =IFERROR(AE53/AE38,"") | AF68: =IFERROR(AF53/AF38,"") | AG68: =IFERROR(AG53/AG38,"") | AH68: =IFERROR(AH53/AH38,"") -> 1 | AI68: =IFERROR(AI53/AI38,"") | AJ68: =IFERROR(AJ53/AJ38,"") | AK68: =IFERROR(AK53/AK38,"") | AL68: =IFERROR(AL53/AL38,"") -> 0 | ... CD68: =IFERROR(CD53/CD38,"")
AC69: Racing | AE69: =IFERROR(AE54/AE39,"") | AF69: =IFERROR(AF54/AF39,"") -> 1 | AG69: =IFERROR(AG54/AG39,"") | AH69: =IFERROR(AH54/AH39,"") | AI69: =IFERROR(AI54/AI39,"") -> 1 | AJ69: =IFERROR(AJ54/AJ39,"") | AK69: =IFERROR(AK54/AK39,"") | AL69: =IFERROR(AL54/AL39,"") | ... CD69: =IFERROR(CD54/CD39,"")
AC70: TBR | AE70: =IFERROR(AE55/AE40,"") | AF70: =IFERROR(AF55/AF40,"") | AG70: =IFERROR(AG55/AG40,"") | AH70: =IFERROR(AH55/AH40,"") | AI70: =IFERROR(AI55/AI40,"") | AJ70: =IFERROR(AJ55/AJ40,"") | AK70: =IFERROR(AK55/AK40,"") | AL70: =IFERROR(AL55/AL40,"") | ... CD70: =IFERROR(CD55/CD40,"")

Sheet 시험용
C1: DOT | D1: 1 | E1: 2 | F1: 3 | G1: 4 | H1: 5 | I1: 6 | J1: 7 | K1: 8 | L1: 9 | M1: 10 | N1: 11 | O1: 12 | P1: 13 | Q1: 14 | R1: 15 | S1: 16 | T1: 17 | U1: 18 | V1: 19 | W1: 20 | X1: 21 | Y1: 22 | Z1: 23 | AA1: 24 | AB1: 25 | AC1: 26 | AD1: 27 | AE1: 28 | AF1: 29 | AG1: 30 | AH1: 31 | AI1: 32 | AJ1: 33 | AK1: 34 | AL1: 35 | AM1: 36 | AN1: 37 | AO1: 38 | AP1: 39 | AQ1: 40 | AR1: 41 | AS1: 42 | AT1: 43 | AU1: 44 | AV1: 45 | AW1: 46 | AX1: 47 | AY1: 48 | AZ1: 49 | BA1: 50 | BB1: 51 | BC1: 52
C2: ECN EA | D2: =COUNTIFS($B:$B,D$1) -> 7 | E2: =COUNTIFS($B:$B,E$1) -> 7 | F2: =COUNTIFS($B:$B,F$1) -> 5 | G2: =COUNTIFS($B:$B,G$1) -> 13 | H2: =COUNTIFS($B:$B,H$1) -> 14 | I2: =COUNTIFS($B:$B,I$1) -> 7 | J2: =COUNTIFS($B:$B,J$1) -> 1 | K2: =COUNTIFS($B:$B,K$1) -> 12 | ... BC2: =COUNTIFS($B:$B,BC$1) -> 0
C3: T/D 신제작 | D3: =COUNTIFS($A:$A,D$1,$AA:$AA,"신제작") -> 4 | E3: =COUNTIFS($A:$A,E$1,$AA:$AA,"신제작") -> 5 | F3: =COUNTIFS($A:$A,F$1,$AA:$AA,"신제작") -> 4 | G3: =COUNTIFS($A:$A,G$1,$AA:$AA,"신제작") -> 5 | H3: =COUNTIFS($A:$A,H$1,$AA:$AA,"신제작") -> 6 | I3: =COUNTIFS($A:$A,I$1,$AA:$AA,"신제작") -> 5 | J3: =COUNTIFS($A:$A,J$1,$AA:$AA,"신제작") -> 1 | K3: =COUNTIFS($A:$A,K$1,$AA:$AA,"신제작") -> 6 | ... BC3: =COUNTIFS($A:$A,BC$1,$AA:$AA,"신제작") -> 0
C4: S/W 신제작 | D4: =COUNTIFS($A:$A,D$1,$AF:$AF,"신제작") -> 5 | E4: =COUNTIFS($A:$A,E$1,$AF:$AF,"신제작") -> 3 | F4: =COUNTIFS($A:$A,F$1,$AF:$AF,"신제작") -> 3 | G4: =COUNTIFS($A:$A,G$1,$AF:$AF,"신제작") -> 4 | H4: =COUNTIFS($A:$A,H$1,$AF:$AF,"신제작") -> 6 | I4: =COUNTIFS($A:$A,I$1,$AF:$AF,"신제작") -> 3 | J4: =COUNTIFS($A:$A,J$1,$AF:$AF,"신제작") -> 1 | K4: =COUNTIFS($A:$A,K$1,$AF:$AF,"신제작") -> 4 | ... BC4: =COUNTIFS($A:$A,BC$1,$AF:$AF,"신제작") -> 0
C5: 시험용 취소 | D5: =COUNTIFS($A:$A,D$1,$S:$S,"X") -> 0 | E5: =COUNTIFS($A:$A,E$1,$S:$S,"X") -> 0 | F5: =COUNTIFS($A:$A,F$1,$S:$S,"X") -> 0 | G5: =COUNTIFS($A:$A,G$1,$S:$S,"X") -> 0 | H5: =COUNTIFS($A:$A,H$1,$S:$S,"X") -> 0 | I5: =COUNTIFS($A:$A,I$1,$S:$S,"X") -> 0 | J5: =COUNTIFS($A:$A,J$1,$S:$S,"X") -> 0 | K5: =COUNTIFS($A:$A,K$1,$S:$S,"X") -> 1 | ... BC5: =COUNTIFS($A:$A,BC$1,$S:$S,"X") -> 0
B7: ="("&SUM(D7:BC7)&")" -> (421) | C7: Spec. EA | D7: =COUNTIFS($A:$A,D$1) -> 7 | E7: =COUNTIFS($A:$A,E$1) -> 7 | F7: =COUNTIFS($A:$A,F$1) -> 5 | G7: =COUNTIFS($A:$A,G$1) -> 15 | H7: =COUNTIFS($A:$A,H$1) -> 23 | I7: =COUNTIFS($A:$A,I$1) -> 15 | J7: =COUNTIFS($A:$A,J$1) -> 1 | K7: =COUNTIFS($A:$A,K$1) -> 19 | ... BC7: =COUNTIFS($A:$A,BC$1) -> 0
B8: ="("&SUM(D8:BC8)&")" -> (7055) | C8: Tire EA | D8: =SUMIFS($R:$R,$A:$A,D$1) -> 86 | E8: =SUMIFS($R:$R,$A:$A,E$1) -> 102 | F8: =SUMIFS($R:$R,$A:$A,F$1) -> 58 | G8: =SUMIFS($R:$R,$A:$A,G$1) -> 298 | H8: =SUMIFS($R:$R,$A:$A,H$1) -> 306 | I8: =SUMIFS($R:$R,$A:$A,I$1) -> 204 | J8: =SUMIFS($R:$R,$A:$A,J$1) -> 14 | K8: =SUMIFS($R:$R,$A:$A,K$1) -> 288 | ... BC8: =SUMIFS($R:$R,$A:$A,BC$1) -> 0
A10: DOT | B10: ECN 수량 파악 | C10: 담당 | D10: R&D | E10: PI | F10: LINE | G10: ECN No. | H10: 제조 특이 사항 | I10: Product | J10: Size | K10: Pattern | L10: PR | M10: T/L | N10: B/W | O10: USE | P10: BR | Q10: Spec No. | R10: EA. | S10: Plan | T10: 성형기 (OE/RE) | U10: ECN Purpose | V10: T/D CTB | W10: T/D SUT | X10: T/D TRW | Y10: T/D Chimney | Z10: T/D Die No | AA10: T/D New/Exist | AB10: T/D Total Width | AC10: S/W BSW | AD10: S/W RIC | AE10: S/W Die No | AF10: S/W New/Exist | AG10: S/W Width | AH10: PA | AI10: Belt Drum Circumference | AJ10: I/L#1 Code | AK10: I/L#1 Width | AL10: I/L#2 Width | AM10: C/C#1 Code | AN10: C/C#1 Rolled | AO10: C/C#1 Width | AP10: C/C#1 Angle | AQ10: C/C#2 Code | AR10: C/C#2 Rolled | AS10: C/C#2 Width | AT10: C/C#2 Angle | AU10: BT#1 Code | AV10: BT#1 Rolled | AW10: BT#1 Width | AX10: BT#1 Angle | AY10: BT#2 Code | AZ10: BT#2 Rolled | BA10: BT#2 Width | BB10: BT#2 Angle | BC10: JLB Rolled | BD10: Side Filling Tape Width | BE10: SRFM Code | BF10: SRFM Width | BG10: SRFM Angle | BH10: Bead Filler Tape Code | BI10: Bead Filler Tape Comp'd | BJ10: Over | BK10: Rim Cushion Sheet Width | BL10: Special Material | BM10: 비고1 | BN10: Inch | BO10: Mold No. | BP10: Bladder Code | BQ10: Curing Time(Old) | BR10: CTR | BS10: 비드 OE | BT10: Bead Code | BU10: Bead Bundle | BV10: Bead Filler | BW10: Bead BIC | BX10: Special Notice | BY10: Mold Ware Status | BZ10: 업체 | CB10: INCH | CC10: ISSUE | CE10: Die 기제작 or 수정
A11: 1 | B11: 1 | C11: RE | D11: 이학진 | E11: 김영광 | F11: DS | G11: 2025121451 | H11: JF0 | I11: 1037783 | J11: 255/50R20V XL | K11: W340A | L11: 4 | M11: L | N11: B | O11: - | P11: HK | Q11: 1 | R11: 14 | S11: 01/05 월 | T11: RE/DS H139 | U11: Expand | V11: P42 | W11: U36 | X11: S25 | Y11: U35 (C) | Z11: DR75045 | AA11: B1004 | AB11: 262 | AC11: S24 | AD11: B89 | AE11: DN69406 | AF11: B1007 | AG11: 150 | AH11: 726 | AI11: 2240 | AJ11: FY25169 | AK11: 480 | AL11: 445 | AM11: FX28696 | AN11: ET10416 | AO11: 600 | AP11: 90 | AQ11: FX27503 | AR11: ET10416 | AS11: 500 | AT11: 90 | AU11: FHB0042 | AV11: ES10262 | AW11: 225 | AX11: 27 | AY11: FX27883 | AZ11: ES10262 | BA11: 215 | BB11: 27 | BC11: ET11001 | BD11: - | BE11: - | BF11: - | BG11: - | BH11: - | BI11: - | BJ11: TREAD | BK11: - | BL11: - | BN11: 20 | BO11: [정규용] 25H87 25H88 | BP11: BG32BU | BQ11: CE09V12 | BR11: 48L | BT11: GU29032 | BU11: GW22189 | BV11: AT235 | BW11: 1626 | BX11: 중량개선 Spec | BY11: Ware Ware | BZ11: HPW | CA11: =A11&"&"&G11 -> 1&2025121451 | CB11: =IFERROR(MID(J11,FIND("R",J11)+1,2),"") -> 20 | CC11: - | CE11: =IFERROR(VLOOKUP(CA11,시험요청!EV:EZ,5,FALSE),"") -> 0
A12: 1 | B12: 1 | C12: RE | D12: 최수빈 | E12: 이준탁 | F12: DS | G12: 2025121816 | H12: JF0 | I12: 1037813 | J12: 235/50R17V XL | K12: W340 | L12: 4 | M12: L | N12: B | O12: - | P12: HK | Q12: 1 | R12: 14 | S12: 01/06 화 | T12: RE/DS H154 | U12: Expand | V12: P47 | W12: U36 | X12: S25 | Y12: U35 (C) | Z12: DR74980 | AA12: B1004 | AB12: 242 | AC12: S24 | AD12: B89 | AE12: DN69440 | AF12: 신제작 | AG12: 140 | AH12: 668 | AI12: 1945 | AJ12: FY24517 | AK12: 440 | AL12: 405 | AM12: FX23123 | AN12: ET20271 | AO12: 550 | AP12: 90 | AQ12: FX23174 | AR12: ET20271 | AS12: 460 | AT12: 90 | AU12: FHB0033 | AV12: ES10262 | AW12: 205 | AX12: 27 | AY12: FX27873 | AZ12: ES10262 | BA12: 195 | BB12: 27 | BC12: ET11001 | BD12: - | BE12: - | BF12: - | BG12: - | BH12: - | BI12: - | BJ12: TREAD | BK12: - | BL12: - | BN12: 17 | BO12: [정규용] 25P53 25P54 | BP12: BE43AI | BQ12: - | BR12: 47M | BT12: GU28137 | BU12: GW21958 | BV12: AT225 | BW12: 1386 | BX12: 168℃ 가류 | BY12: Ware Ware | BZ12: SYT | CA12: =A12&"&"&G12 -> 1&2025121816 | CB12: =IFERROR(MID(J12,FIND("R",J12)+1,2),"") -> 17 | CC12: - | CE12: =IFERROR(VLOOKUP(CA12,시험요청!EV:EZ,5,FALSE),"") -> 0
A13: 1 | B13: 1 | C13: RE | D13: 현재호 | E13: 김노연 | F13: DS | G13: 2025121454 | H13: JF0 | I13: 1037667 | J13: 225/35R19W XL | K13: W340 | L13: 4 | M13: L | N13: B | O13: - | P13: HK | Q13: 1 | R13: 14 | S13: 01/06 화 | T13: RE/DS H131 | U13: Expand | V13: P47 | W13: U36 | X13: S25 | Y13: U35 (C) | Z13: DR75062 | AA13: 신제작 | AB13: 242 | AC13: S24 | AD13: B89 | AE13: DN69429 | AF13: 신제작 | AG13: 85 | AH13: 472 | AI13: 1865 | AJ13: FY25096 | AK13: 350 | AL13: 315 | AM13: FS00809 | AN13: ET10203 | AO13: 410 | AP13: 90 | AQ13: - | AR13: - | AS13: - | AT13: - | AU13: FHB0005 | AV13: ES10262 | AW13: 210 | AX13: 27 | AY13: FX27873 | AZ13: ES10262 | BA13: 195 | BB13: 27 | BC13: ET11001 | BD13: 60 | BE13: - | BF13: - | BG13: - | BH13: - | BI13: - | BJ13: SIDE | BK13: - | BL13: - | BN13: 19 | BO13: [정규용] 25M87 25M88 | BP13: BG25BU | BQ13: CA04Z14 | BR13: 45M | BT13: GU28246 | BU13: GW22186 | BV13: AH210 | BW13: 1542 | BY13: Ware Ware | BZ13: HPW | CA13: =A13&"&"&G13 -> 1&2025121454 | CB13: =IFERROR(MID(J13,FIND("R",J13)+1,2),"") -> 19 | CC13: - | CE13: =IFERROR(VLOOKUP(CA13,시험요청!EV:EZ,5,FALSE),"") -> 0
A14: 1 | B14: 1 | C14: 양산기술 | D14: 최형인 | E14: 이준탁 | F14: DS | G14: 2025122406 | H14: JF505 P2000D/2 | I14: 2022628 | J14: 195/70R15C | K14: RA58 | L14: 8 | M14: L | N14: B | O14: - | P14: HK | Q14: 3 | R14: 10 | S14: 01/08 목 | T14: RE/DS H152 | U14: Transfer Dev. | V14: T95 | W14: U36 | X14: S25 | Y14: U35 (F) | Z14: DR74914 | AA14: B1003 | AB14: 206 | AC14: S24 | AD14: B89 | AE14: DN69272 | AF14: B1005 | AG14: 165 | AH14: 684 | AI14: 1880 | AJ14: FY25628 | AK14: 410 | AL14: 375 | AM14: FW02577 | AN14: ET10135 | AO14: 570 | AP14: 90 | AQ14: - | AR14: - | AS14: - | AT14: - | AU14: FHB0152 | AV14: ES20427 | AW14: 170 | AX14: 27 | AY14: FH23974 | AZ14: ES20427 | BA14: 155 | BB14: 27 | BC14: ET10121 | BD14: - | BE14: - | BF14: - | BG14: - | BH14: DN56899 | BI14: CQB86 | BJ14: TREAD | BK14: - | BL14: P2000D/2 | BN14: 15 | BO14: [정규용] 24Q30 24Q31 | BP14: BD40AI | BQ14: CA02Z15 | BR14: 42M | BT14: GU28633 | BU14: GW56006 | BV14: BB215 | BW14: 1204 | BY14: Ware Ware | BZ14: 혜원 | CA14: =A14&"&"&G14 -> 1&2025122406 | CB14: =IFERROR(MID(J14,FIND("R",J14)+1,2),"") -> 15 | CC14: - | CE14: =IFERROR(VLOOKUP(CA14,시험요청!EV:EZ,5,FALSE),"") -> 0
A15: 1 | B15: 1 | C15: RE | D15: 이병재 | E15: 김상훈 | F15: DM | G15: 2025120465 | H15: JF5 | I15: 2022670 | J15: LT265/70R18 | K15: PC05 | L15: 10 | M15: L | N15: B | O15: - | P15: HK | Q15: 0 | R15: 12 | S15: 01/08 목 | T15: RE/DM H107 | U15: Expand | V15: P95 | W15: U73 | X15: S25 | Y15: - (N) | Z15: DR75058 | AA15: 신제작 | AB15: 262 | AC15: S24 | AD15: B89 | AE15: DN69425 | AF15: 신제작 | AG15: 230 | AH15: 970 | AI15: 2385 | AJ15: FY25559 | AK15: 560 | AL15: 525 | AM15: FR03504 | AN15: ET11006 | AO15: 780 | AP15: 90 | AQ15: FW02375 | AR15: ET11006 | AS15: 590 | AT15: 90 | AU15: FHB0175 | AV15: ES20427 | AW15: 215 | AX15: 24 | AY15: FH24381 | AZ15: ES20427 | BA15: 200 | BB15: 24 | BC15: ET10121 | BD15: - | BE15: - | BF15: - | BG15: - | BH15: DN56899 | BI15: CQB86 | BJ15: TREAD | BK15: 40 | BL15: - | BN15: 18 | BO15: [정규용] 25DH5 25DH6 (신제작중) | BP15: BE45AI | BQ15: 65KJX19 | BR15: 51S | BT15: GU29791 | BU15: GW22184 | BV15: BU118 | BW15: 1475 | BX15: H107 C/C Turn-Up 68% | BY15: Making Making | BZ15: SYT | CA15: =A15&"&"&G15 -> 1&2025120465 | CB15: =IFERROR(MID(J15,FIND("R",J15)+1,2),"") -> 18 | CC15: - | CE15: =IFERROR(VLOOKUP(CA15,시험요청!EV:EZ,5,FALSE),"") -> 0
A16: 1 | B16: 1 | C16: 양산기술 | D16: 임서윤 | E16: 이준탁 | F16: DS | G16: 2025121487 | H16: JF505 | I16: 1028488 | J16: 225/45R17W XL | K16: K135 | L16: 4 | M16: L | N16: B | O16: - | P16: HK | Q16: 0 | R16: 10 | S16: 01/09 금 | T16: RE/DS H142 | U16: Transfer Dev. | V16: P37 | W16: U36 | X16: S25 | Y16: U35 (C) | Z16: DR75068 | AA16: 신제작 | AB16: 244 | AC16: S24 | AD16: B89 | AE16: DN69434 | AF16: 신제작 | AG16: 110 | AH16: 554 | AI16: 1835 | AJ16: FY24849 | AK16: 380 | AL16: 345 | AM16: FD23257 | AN16: ET10203 | AO16: 480 | AP16: 90 | AQ16: - | AR16: - | AS16: - | AT16: - | AU16: FHB0003 | AV16: ES20425 | AW16: 205 | AX16: 27 | AY16: FX26252 | AZ16: ES20425 | BA16: 195 | BB16: 27 | BC16: ET11001 | BD16: - | BE16: - | BF16: - | BG16: - | BH16: - | BI16: - | BJ16: SIDE | BK16: - | BL16: - | BN16: 17 | BO16: [정규용] 20G30 20G31 (개조중, KP, 미반출) | BP16: BE49AI | BQ16: - | BR16: 42M | BT16: GU28198 | BU16: GW21957 | BV16: AT225 | BW16: 1383 | BZ16: 혜원 | CA16: =A16&"&"&G16 -> 1&2025121487 | CB16: =IFERROR(MID(J16,FIND("R",J16)+1,2),"") -> 17 | CC16: - | CE16: =IFERROR(VLOOKUP(CA16,시험요청!EV:EZ,5,FALSE),"") -> 0
A17: 1 | B17: 1 | C17: 양산기술 | D17: 임서윤 | E17: 김상훈 | F17: DS | G17: 2025122398 | H17: JF5 P2000D/2 | I17: 1038787 | J17: 225/55R19V | K17: LH01 | L17: 4 | M17: L | N17: B | O17: - | P17: LF | Q17: 0 | R17: 12 | S17: 01/09 금 | T17: RE/DS H187 | U17: Transfer Dev. | V17: P90 | W17: U33 | X17: S25 | Y17: - (N) | Z17: DR75064 | AA17: 신제작 | AB17: 246 | AC17: S24 | AD17: B89 | AE17: DN69431 | AF17: 신제작 | AG17: 140 | AH17: 668 | AI17: 2135 | AJ17: FY24517 | AK17: 440 | AL17: 405 | AM17: FD24366 | AN17: ET10135 | AO17: 550 | AP17: 90 | AQ17: - | AR17: - | AS17: - | AT17: - | AU17: FHB0288 | AV17: ES10259 | AW17: 200 | AX17: 27 | AY17: FX27989 | AZ17: ES10259 | BA17: 190 | BB17: 27 | BC17: ET10121 | BD17: - | BE17: - | BF17: - | BG17: - | BH17: - | BI17: - | BJ17: SIDE | BK17: - | BL17: P2000D/2 | BN17: 19 | BO17: [정규용] 25EM2 25EM3 (신제작중) | BP17: BG35BU | BQ17: - | BR17: 47M | BT17: GU28155 | BU17: GW22186 | BV17: AT225 | BW17: 1542 | BY17: Making Making | BZ17: HPW | CA17: =A17&"&"&G17 -> 1&2025122398 | CB17: =IFERROR(MID(J17,FIND("R",J17)+1,2),"") -> 19 | CC17: - | CE17: =IFERROR(VLOOKUP(CA17,시험요청!EV:EZ,5,FALSE),"") -> 0
A18: 2 | B18: 2 | C18: RE | D18: 이병재 | E18: 김노연 | F18: DM | G18: 2025120572 | H18: JF5 | I18: 2022682 | J18: LT265/65R18 | K18: PC05 | L18: 10 | M18: L | N18: B | O18: - | P18: HK | Q18: 0 | R18: 12 | S18: 01/12 월 | T18: RE/DM H107 | U18: Expand | V18: P95 | W18: U73 | X18: S25 | Y18: - (N) | Z18: DR75059 | AA18: 신제작 | AB18: 270 | AC18: S24 | AD18: B89 | AE18: DN69144 | AF18: B1005 | AG18: 215 | AH18: 912 | AI18: 2310 | AJ18: FY25503 | AK18: 540 | AL18: 505 | AM18: FR03551 | AN18: ET11006 | AO18: 730 | AP18: 90 | AQ18: FW02587 | AR18: ET11006 | AS18: 570 | AT18: 90 | AU18: FHB0124 | AV18: ES20427 | AW18: 225 | AX18: 24 | AY18: FH24385 | AZ18: ES20427 | BA18: 210 | BB18: 24 | BC18: ET10121 | BD18: - | BE18: - | BF18: - | BG18: - | BH18: DN56899 | BI18: CQB86 | BJ18: TREAD | BK18: 40 | BL18: - | BN18: 18 | BO18: [정규용] 25EK9 25EM1 (신제작중) | BP18: BG20AP | BQ18: CE55Q24 | BR18: 51M | BT18: GU29791 | BU18: GW22184 | BV18: BU118 | BW18: 1475 | BX18: H107 C/C Turn-Up 68% | BY18: Making Making | BZ18: SYT | CA18: =A18&"&"&G18 -> 2&2025120572 | CB18: =IFERROR(MID(J18,FIND("R",J18)+1,2),"") -> 18 | CC18: 성형 먼저 진행, Mold 01/14 입고 PLC Error : 가류 BD 변경 BE58BU | CE18: =IFERROR(VLOOKUP(CA18,시험요청!EV:EZ,5,FALSE),"") -> 0
A19: 2 | B19: 2 | C19: RE | D19: 이병재 | E19: 이준탁 | F19: DM | G19: 2025120456 | H19: JF505 | I19: 1038859 | J19: 275/55R20T | K19: PC05 | L19: 4 | M19: L | N19: B | O19: - | P19: HK | Q19: 0 | R19: 12 | S19: 01/12 월 | T19: RE/DM H101 | U19: Expand | V19: P95 | W19: U33 | X19: S25 | Y19: - (N) | Z19: DR75053 | AA19: 신제작 | AB19: 298 | AC19: S24 | AD19: B89 | AE19: DN69416 | AF19: 신제작 | AG19: 175 | AH19: 834 | AI19: 2365 | AJ19: FY24970 | AK19: 530 | AL19: 495 | AM19: FR03466 | AN19: ET10203 | AO19: 680 | AP19: 90 | AQ19: FD23261 | AR19: ET10203 | AS19: 560 | AT19: 90 | AU19: FHB0522 | AV19: ES20424 | AW19: 250 | AX19: 24 | AY19: FX31676 | AZ19: ES20424 | BA19: 240 | BB19: 24 | BC19: ET10121 | BD19: - | BE19: - | BF19: - | BG19: - | BH19: - | BI19: - | BJ19: SIDE | BK19: 40 | BL19: - | BN19: 20 | BO19: [정규용] 25DH1 25DH2 (신제작중(입고대기중)) | BP19: BG18AN | BQ19: CE09X13 | BR19: 51M | BT19: GU29808 | BU19: GW22189 | BV19: BH245 | BW19: 1626 | BY19: Making Making | BZ19: HPW | CA19: =A19&"&"&G19 -> 2&2025120456 | CB19: =IFERROR(MID(J19,FIND("R",J19)+1,2),"") -> 20 | CC19: - | CE19: =IFERROR(VLOOKUP(CA19,시험요청!EV:EZ,5,FALSE),"") -> 0
A20: 2 | B20: 2 | C20: RE | D20: 이병재 | E20: 이준탁 | F20: DM | G20: 2025120457 | H20: JF505 | I20: 1038860 | J20: 275/60R20T | K20: PC05 | L20: 4 | M20: L | N20: B | O20: - | P20: HK | Q20: 0 | R20: 12 | S20: 01/13 화 | T20: RE/DM H101 | U20: Expand | V20: P95 | W20: U33 | X20: S25 | Y20: - (N) | Z20: DR75034 | AA20: B1001 | AB20: 290 | AC20: S24 | AD20: B89 | AE20: DN68598 | AF20: B1005 | AG20: 200 | AH20: 914 | AI20: 2440 | AJ20: FY25121 | AK20: 560 | AL20: 525 | AM20: FR03970 | AN20: ET10203 | AO20: 710 | AP20: 90 | AQ20: FW00694 | AR20: ET10203 | AS20: 590 | AT20: 90 | AU20: FHB0375 | AV20: ES20424 | AW20: 230 | AX20: 24 | AY20: FX31176 | AZ20: ES20424 | BA20: 220 | BB20: 24 | BC20: ET10121 | BD20: - | BE20: - | BF20: - | BG20: - | BH20: DN56899 | BI20: CQB86 | BJ20: TREAD | BK20: 40 | BL20: - | BN20: 20 | BO20: [정규용] 25DH3 25DH4 (신제작중(입고대기중)) | BP20: BG18AN | BQ20: CE09N14 | BR20: 51S | BT20: GU29287 | BU20: GW22189 | BV20: BH215 | BW20: 1626 | BY20: Making Making | BZ20: HPW | CA20: =A20&"&"&G20 -> 2&2025120457 | CB20: =IFERROR(MID(J20,FIND("R",J20)+1,2),"") -> 20 | CC20: - | CE20: =IFERROR(VLOOKUP(CA20,시험요청!EV:EZ,5,FALSE),"") -> 0
A21: 2 | B21: 2 | C21: RE | D21: 정덕교 | E21: 김상훈 | F21: DS | G21: 2025122989 | H21: JF505 | I21: 1036584 | J21: 235/60R20H XL | K21: IW41A | L21: 4 | M21: L | N21: B | O21: 8 | P21: HK | Q21: 9 | R21: 12 | S21: 01/14 수 | T21: RE/DS H132 | U21: Expand | V21: P94 | W21: U35 | X21: S25 | Y21: - (C) | Z21: DR75065 | AA21: 신제작 | AB21: 238 | AC21: S24 | AD21: B89 | AE21: DN69231 | AF21: B1005 | AG21: 160 | AH21: 746 | AI21: 2320 | AJ21: FY25095 | AK21: 470 | AL21: 435 | AM21: FX30397 | AN21: ET10416 | AO21: 610 | AP21: 90 | AQ21: FX27726 | AR21: ET10416 | AS21: 490 | AT21: 90 | AU21: FHB0033 | AV21: ES10262 | AW21: 205 | AX21: 27 | AY21: FX27884 | AZ21: ES10262 | BA21: 190 | BB21: 27 | BC21: ET10121 | BD21: - | BE21: - | BF21: - | BG21: - | BH21: - | BI21: - | BJ21: TREAD | BK21: - | BL21: - | BN21: 20 | BO21: [정규용] 24S96 24S97 | BP21: BG32BU | BQ21: CE02W17 | BR21: 51M | BT21: GU29315 | BU21: GW22189 | BV21: AH245 | BW21: 1626 | BX21: 2차 양시 NG (DS) 단면 확보 필요 | BY21: Ware Ware | BZ21: 혜원 | CA21: =A21&"&"&G21 -> 2&2025122989 | CB21: =IFERROR(MID(J21,FIND("R",J21)+1,2),"") -> 20 | CC21: - | CE21: =IFERROR(VLOOKUP(CA21,시험요청!EV:EZ,5,FALSE),"") -> 0
A22: 2 | B22: 2 | C22: 양산기술 | D22: 임서윤 | E22: 김노연 | F22: DM | G22: 2025123192 | H22: JF505 | I22: 1022658 | J22: 245/50R20V | K22: H452 | L22: 4 | M22: L | N22: B | O22: H | P22: HK | Q22: 0 | R22: 10 | S22: 01/14 수 | T22: RE/DM H101 | U22: Transfer Dev. | V22: P53 | W22: U36 | X22: S25 | Y22: U35 (C) | Z22: DR75074 | AA22: 신제작 | AB22: 256 | AC22: S24 | AD22: B89 | AE22: DN69445 | AF22: 신제작 | AG22: 145 | AH22: 694 | AI22: 2185 | AJ22: FY24792 | AK22: 450 | AL22: 415 | AM22: FX23798 | AN22: ET20271 | AO22: 590 | AP22: 90 | AQ22: FN00441 | AR22: ET20271 | AS22: 480 | AT22: 90 | AU22: FH23228 | AV22: ES10262 | AW22: 220 | AX22: 27 | AY22: FX27894 | AZ22: ES10262 | BA22: 210 | BB22: 27 | BC22: ET11001 | BD22: 40 | BE22: - | BF22: - | BG22: - | BH22: - | BI22: - | BJ22: SIDE | BK22: - | BL22: - | BN22: 20 | BO22: [정규용] 19N15 19N18 19N19 22965 (개조중, KP) | BP22: BG05BP | BQ22: CE09V11 | BR22: 48L | BT22: GU29455 | BU22: GW22189 | BV22: DT235 | BW22: 1626 | BZ22: 대광 | CA22: =A22&"&"&G22 -> 2&2025123192 | CB22: =IFERROR(MID(J22,FIND("R",J22)+1,2),"") -> 20 | CC22: - | CE22: =IFERROR(VLOOKUP(CA22,시험요청!EV:EZ,5,FALSE),"") -> 0
A23: 2 | B23: 2 | C23: RE | D23: 허유진 | E23: 이준탁 | F23: DP | G23: 2025123699 | H23: JF505 | I23: 1038581 | J23: 280/660R18 | K23: Z207 | L23: 4 | M23: L | N23: B | O23: Q | P23: HK | Q23: 1 | R23: 22 | S23: 01/15 목 | T23: RE/DP H103 | U23: Quality Improvement | V23: F53 | W23: U35 | X23: - | Y23: - (N) | Z23: DR72284 | AA23: B1006 | AB23: 300 | AC23: S26 | AD23: - | AE23: DN69450 | AF23: 신제작 | AG23: 135 | AH23: 0 | AI23: 1946 | AJ23: FA29724 | AK23: 475 | AL23: - | AM23: FX28047 | AN23: ET11040 | AO23: 625 | AP23: 77 | AQ23: FX30608 | AR23: ET11040 | AS23: 460 | AT23: 77 | AU23: FJ22980 | AV23: ES20425 | AW23: 270 | AX23: 33 | AY23: FX31860 | AZ23: ES20425 | BA23: 255 | BB23: 33 | BC23: ET11001 | BD23: - | BE23: - | BF23: - | BG23: - | BH23: - | BI23: - | BJ23: TREAD | BK23: - | BL23: 33도 벨트 | BN23: 18 | BO23: [정규용] 10A16 10A17 | BP23: BE0545 | BQ23: - | BR23: 48M | BT23: GU28798 | BU23: GW22005 | BV23: DH220 | BW23: 1466 | BY23: Ware Ware | BZ23: 대광 | CA23: =A23&"&"&G23 -> 2&2025123699 | CB23: =IFERROR(MID(J23,FIND("R",J23)+1,2),"") -> 18 | CC23: - | CE23: =IFERROR(VLOOKUP(CA23,시험요청!EV:EZ,5,FALSE),"") -> 0
A24: 2 | B24: 2 | C24: RE | D24: 허유진 | E24: 김노연 | F24: DP | G24: 2025123704 | H24: JF505 | I24: 1038585 | J24: 320/710R18 | K24: Z207 | L24: 4 | M24: L | N24: B | O24: Q | P24: HK | Q24: 0 | R24: 22 | S24: 01/15 목 | T24: RE/DP H103 | U24: Quality Improvement | V24: F53 | W24: U35 | X24: - | Y24: - (N) | Z24: DR72282 | AA24: 신제작 | AB24: 354 | AC24: S26 | AD24: - | AE24: DN67305 | AF24: B1006 | AG24: 145 | AH24: 0 | AI24: 2089 | AJ24: - | AK24: - | AL24: - | AM24: FX28035 | AN24: ET11040 | AO24: 720 | AP24: 77 | AQ24: FX30609 | AR24: ET11040 | AS24: 540 | AT24: 77 | AU24: FJ22983 | AV24: ES20425 | AW24: 315 | AX24: 33 | AY24: FX30830 | AZ24: ES20425 | BA24: 300 | BB24: 33 | BC24: ET11001 | BD24: - | BE24: - | BF24: - | BG24: - | BH24: - | BI24: - | BJ24: TREAD | BK24: - | BL24: 33도 벨트 | BN24: 18 | BO24: [정규용] 21695 21696 | BP24: BE0545 | BQ24: - | BR24: 48M | BT24: GU26850 | BU24: GW22005 | BV24: AH250 | BW24: 1466 | BY24: Ware Ware | BZ24: 대광 | CA24: =A24&"&"&G24 -> 2&2025123704 | CB24: =IFERROR(MID(J24,FIND("R",J24)+1,2),"") -> 18 | CC24: - | CE24: =IFERROR(VLOOKUP(CA24,시험요청!EV:EZ,5,FALSE),"") -> 0
A25: 3 | B25: 3 | C25: RE | D25: 이병재 | E25: 이준탁 | F25: DM | G25: 2025120470 | H25: JF5 | I25: 2022673 | J25: LT275/55R20 | K25: PC05 | L25: 8 | M25: L | N25: B | O25: - | P25: HK | Q25: 0 | R25: 14 | S25: 01/20 화 | T25: RE/DM H107 | U25: Expand | V25: P95 | W25: U73 | X25: S25 | Y25: - (N) | Z25: DR75043 | AA25: 신제작 | AB25: 292 | AC25: S24 | AD25: B89 | AE25: DN67648 | AF25: B1005 | AG25: 190 | AH25: 850 | AI25: 2325 | AJ25: FY25532 | AK25: 540 | AL25: 505 | AM25: FR03639 | AN25: ET11006 | AO25: 710 | AP25: 90 | AQ25: FW02356 | AR25: ET11006 | AS25: 560 | AT25: 90 | AU25: FH25277 | AV25: ES12003 | AW25: 240 | AX25: 24 | AY25: FH25278 | AZ25: ES12003 | BA25: 225 | BB25: 24 | BC25: ET10121 | BD25: - | BE25: - | BF25: - | BG25: - | BH25: DN56899 | BI25: CQB86 | BJ25: TREAD | BK25: 40 | BL25: - | BN25: 20 | BO25: [정규용] 25DG4 25DG5 | BP25: BG0450 | BQ25: CE50Z25 | BR25: 51M | BT25: GU29497 | BU25: GW22395 | BV25: BU118 | BW25: 1634 | BX25: H107 C/C Turn-Up 68% | BY25: Making Making | BZ25: SYT | CA25: =A25&"&"&G25 -> 3&2025120470 | CB25: =IFERROR(MID(J25,FIND("R",J25)+1,2),"") -> 20 | CC25: - | CE25: =IFERROR(VLOOKUP(CA25,시험요청!EV:EZ,5,FALSE),"") -> 0
A26: 3 | B26: 3 | C26: 양산기술 | D26: 박찬휘 | E26: 김노연 | F26: DP | G26: 2026012134 | H26: JF505 | I26: 2022657 | J26: 195/75R16C | K26: RA58 | L26: 10 | M26: L | N26: B | O26: - | P26: HK | Q26: 3 | R26: 10 | S26: 01/20 화 | T26: RE/DP H192 | U26: Transfer Dev. | V26: T95 | W26: U36 | X26: S25 | Y26: U35 (F) | Z26: DR74910 | AA26: B1003 | AB26: 200 | AC26: S24 | AD26: B89 | AE26: DN69281 | AF26: 신제작 | AG26: 160 | AH26: 0 | AI26: 2010 | AJ26: FY25695 | AK26: 420 | AL26: 400 | AM26: FW02579 | AN26: ET10216 | AO26: 570 | AP26: 90 | AQ26: FR03431 | AR26: ET10216 | AS26: 410 | AT26: 90 | AU26: FHB0135 | AV26: ES20427 | AW26: 165 | AX26: 27 | AY26: FH25070 | AZ26: ES20427 | BA26: 150 | BB26: 27 | BC26: ET10121 | BD26: - | BE26: - | BF26: - | BG26: - | BH26: DN56899 | BI26: CQB86 | BJ26: TREAD | BK26: 40 | BL26: - | BN26: 16 | BO26: [정규용] 24Q04 24Q05 | BP26: BD41AI | BQ26: CA02N15 | BR26: 47M | BT26: GU28682 | BU26: GW66005 | BV26: BB315 | BW26: 1285 | BX26: 10PR / BIC 1285 | BY26: Ware Ware | BZ26: 대광 | CA26: =A26&"&"&G26 -> 3&2026012134 | CB26: =IFERROR(MID(J26,FIND("R",J26)+1,2),"") -> 16 | CC26: #2 C/C 변경 : Spec 변경 | CE26: =IFERROR(VLOOKUP(CA26,시험요청!EV:EZ,5,FALSE),"") -> 0
A27: 3 | B27: 3 | C27: 양산기술 | D27: 임서윤 | E27: 김영광 | F27: DP | G27: 2025102771 | H27: JF5 | I27: 2022660 | J27: 225/75R16C | K27: RA58 | L27: 10 | M27: L | N27: B | O27: - | P27: HK | Q27: 0 | R27: 10 | S27: 01/22 목 | T27: RE/DP H192 | U27: Transfer Dev. | V27: T95 | W27: U36 | X27: S25 | Y27: U35 (F) | Z27: DR74946 | AA27: 신제작 | AB27: 226 | AC27: S24 | AD27: B89 | AE27: DN69296 | AF27: 신제작 | AG27: 180 | AH27: 0 | AI27: 2145 | AJ27: FY25691 | AK27: 490 | AL27: 470 | AM27: FW01691 | AN27: ET10216 | AO27: 660 | AP27: 90 | AQ27: FR03423 | AR27: ET10216 | AS27: 470 | AT27: 90 | AU27: FHB0183 | AV27: ES20427 | AW27: 190 | AX27: 27 | AY27: FH25132 | AZ27: ES20427 | BA27: 175 | BB27: 27 | BC27: ET10121 | BD27: - | BE27: - | BF27: - | BG27: - | BH27: DN56899 | BI27: CQB86 | BJ27: TREAD | BK27: 40 | BL27: - | BN27: 16 | BO27: [정규용] 24Q28 24Q29 | BP27: B50750 | BQ27: CE09X15 | BR27: 47M | BT27: GU28682 | BU27: GW66005 | BV27: BB315 | BW27: 1285 | BX27: 10PR / BIC 1285 | BY27: Ware Ware | BZ27: 혜원 | CA27: =A27&"&"&G27 -> 3&2025102771 | CB27: =IFERROR(MID(J27,FIND("R",J27)+1,2),"") -> 16 | CC27: - | CE27: =IFERROR(VLOOKUP(CA27,시험요청!EV:EZ,5,FALSE),"") -> 0
A28: 3 | B28: 3 | C28: 양산기술 | D28: 장아영 | E28: 이준탁 | F28: DS | G28: 2025112434 | H28: JF0 | I28: 1035223 | J28: 225/50ZR18Y XL | K28: K137A | L28: 4 | M28: L | N28: B | O28: - | P28: HK | Q28: 2 | R28: 12 | S28: 01/22 목 | T28: RE/DS H172 | U28: Transfer Dev. | V28: P35 | W28: U35 | X28: S25 | Y28: - (C) | Z28: DR75009 | AA28: 신제작 | AB28: 242 | AC28: S24 | AD28: B89 | AE28: DN69053 | AF28: B1007 | AG28: 125 | AH28: 618 | AI28: 1985 | AJ28: FY24820 | AK28: 420 | AL28: 385 | AM28: FX26760 | AN28: ET10203 | AO28: 650 | AP28: 90 | AQ28: - | AR28: - | AS28: - | AT28: - | AU28: FH23629 | AV28: ES10262 | AW28: 205 | AX28: 30 | AY28: FX28671 | AZ28: ES10262 | BA28: 195 | BB28: 30 | BC28: ET10151 | BD28: - | BE28: - | BF28: - | BG28: - | BH28: - | BI28: - | BJ28: STOS | BK28: - | BL28: - | BN28: 18 | BO28: [정규용] 23K96 23K97 (KP) | BP28: BE46AI | BQ28: CE09K11 | BR28: 47M | BT28: GU28444 | BU28: GW21956 | BV28: DT220 | BW28: 1462 | BX28: KP 정규 생산(~2주차) 후, 몰드 임대 예정 Aramid JLB | BZ28: HPW | CA28: =A28&"&"&G28 -> 3&2025112434 | CB28: =IFERROR(MID(J28,FIND("R",J28)+1,2),"") -> 18 | CC28: - | CE28: =IFERROR(VLOOKUP(CA28,시험요청!EV:EZ,5,FALSE),"") -> 0
A29: 3 | B29: 3 | C29: 양산기술 | D29: 최형인 | E29: 이준탁 | F29: DS | G29: 2025121882 | H29: JF5 | I29: 1027947 | J29: 245/45R18W XL | K29: K135 | L29: 4 | M29: L | N29: B | O29: Q | P29: HK | Q29: 0 | R29: 12 | S29: 01/23 금 | T29: RE/DS H172 | U29: Transfer Dev. | V29: P37 | W29: U36 | X29: S25 | Y29: U35 (C) | Z29: DR75076 | AA29: 신제작 | AB29: 254 | AC29: S24 | AD29: B89 | AE29: DN69449 | AF29: 신제작 | AG29: 125 | AH29: 604 | AI29: 1970 | AJ29: FY24753 | AK29: 410 | AL29: 375 | AM29: FX26757 | AN29: ET10203 | AO29: 630 | AP29: 90 | AQ29: - | AR29: - | AS29: - | AT29: - | AU29: FHB0005 | AV29: ES10262 | AW29: 210 | AX29: 27 | AY29: FX27880 | AZ29: ES10262 | BA29: 200 | BB29: 27 | BC29: ET10121 | BD29: - | BE29: - | BF29: - | BG29: - | BH29: - | BI29: - | BJ29: STOS | BK29: - | BL29: - | BN29: 18 | BO29: [정규용] 24892 24893 (개조중, KP | BP29: BE0145 | BQ29: CE09X12 | BR29: 47M | BT29: GU28436 | BU29: GW21956 | BV29: AT225 | BW29: 1462 | BZ29: 혜원 | CA29: =A29&"&"&G29 -> 3&2025121882 | CB29: =IFERROR(MID(J29,FIND("R",J29)+1,2),"") -> 18 | CC29: - | CE29: =IFERROR(VLOOKUP(CA29,시험요청!EV:EZ,5,FALSE),"") -> 0
A30: 4 | B30: 4 | C30: OE | D30: 최진서 | E30: 이준탁 | F30: DS | G30: 2026010868 | H30: JF505 SRFM | I30: 2022650 | J30: 235/60R17C | K30: VT01E | L30: 8 | M30: L | N30: B | O30: K | P30: HK | Q30: 9 | R30: 40 | S30: 01/26 월 | T30: OE/DS H154 | U30: OE New Dev. | V30: P46 | W30: U36 | X30: S25 | Y30: U35 (F) | Z30: DR74852 | AA30: B1004 | AB30: 240 | AC30: S24 | AD30: B98 | AE30: DN69203 | AF30: B1005 | AG30: 170 | AH30: 760 | AI30: 2065 | AJ30: FY25517 | AK30: 470 | AL30: 435 | AM30: FR03044 | AN30: ET10203 | AO30: 640 | AP30: 90 | AQ30: FX26742 | AR30: ET10203 | AS30: 500 | AT30: 90 | AU30: FHB0190 | AV30: ES20427 | AW30: 205 | AX30: 24 | AY30: FH24628 | AZ30: ES20427 | BA30: 190 | BB30: 24 | BC30: ET11001 | BD30: - | BE30: FX27900 | BF30: 45 | BG30: 24 | BH30: - | BI30: - | BJ30: TREAD | BK30: 40 | BL30: SRFM | BN30: 17 | BO30: [신제품 개발] 25W11 | BP30: BE46AI | BQ30: CE55T17 | BR30: 47M | BS30: OE성적서 | BT30: GU29786 GS/45/24 GS01400 | BU30: GW66009 | BV30: BB330 | BW30: 1386 | BX30: 155˚ 저온가류 SRFM Width 45mm [HEW)OP Inform] | BZ30: SYT | CA30: =A30&"&"&G30 -> 4&2026010868 | CB30: =IFERROR(MID(J30,FIND("R",J30)+1,2),"") -> 17 | CC30: - | CE30: =IFERROR(VLOOKUP(CA30,시험요청!EV:EZ,5,FALSE),"") -> 0
A31: 4 | B31: 4 | C31: OE | D31: 최윤혁 | E31: 김영광 | F31: DS | G31: 2026010758 | H31: JF5 | I31: 2022594 | J31: 235/50R19C | K31: VL01E | L31: 8 | M31: L | N31: B | O31: K | P31: HK | Q31: 13 | R31: 40 | S31: 01/26 월 | T31: OE/DS H135 | U31: OE New Dev. | V31: P46 | W31: U36 | X31: S25 | Y31: U35 (F) | Z31: DR74847 | AA31: B1004 | AB31: 244 | AC31: S24 | AD31: B98 | AE31: DN69304 | AF31: B1005 | AG31: 150 | AH31: 680 | AI31: 2090 | AJ31: FY25349 | AK31: 430 | AL31: 395 | AM31: FR03946 | AN31: ET10203 | AO31: 585 | AP31: 90 | AQ31: FW01383 | AR31: ET10203 | AS31: 465 | AT31: 90 | AU31: FHB0175 | AV31: ES20427 | AW31: 215 | AX31: 24 | AY31: FH24381 | AZ31: ES20427 | BA31: 200 | BB31: 24 | BC31: ET10121 | BD31: - | BE31: - | BF31: - | BG31: - | BH31: DN56899 | BI31: CQB86 | BJ31: TREAD | BK31: 40 | BL31: - | BN31: 19 | BO31: [신제품 개발] 25W19 | BP31: BG43BP | BQ31: CE55Z22 | BR31: 47M | BS31: OE성적서 | BT31: GU29630 | BU31: GW21965 | BV31: BT235 | BW31: 1546 | BX31: 몰드 예열 확인 필요 (전차수 부적합 대응) | BZ31: 혜원 | CA31: =A31&"&"&G31 -> 4&2026010758 | CB31: =IFERROR(MID(J31,FIND("R",J31)+1,2),"") -> 19 | CC31: - | CE31: =IFERROR(VLOOKUP(CA31,시험요청!EV:EZ,5,FALSE),"") -> OKEY
A32: 4 | H32: JF505 | Q32: 14 | R32: 40 | V32: P46 | W32: U36 | X32: S25 | Y32: U35 (F) | Z32: DR74848 | AA32: B1004 | AB32: 244 | AG32: 150 | AH32: 680 | AI32: 2090 | AJ32: FY24549 | AK32: 430 | AL32: 395 | AM32: FR03946 | AN32: ET10203 | AO32: 585 | AP32: 90 | AQ32: FW01383 | AR32: ET10203 | AS32: 465 | AT32: 90 | AU32: FHB0083 | AV32: ES10262 | AW32: 215 | AX32: 24 | AY32: FX27864 | AZ32: ES10262 | BA32: 200 | BB32: 24 | BC32: ET10121 | BD32: - | BE32: - | BF32: - | BG32: - | BH32: DN56899 | BI32: CQB86 | BJ32: TREAD | BK32: 40 | BL32: - | BN32: 19 | CA32: =A32&"&"&G32 -> 4& | CB32: =IFERROR(MID(J32,FIND("R",J32)+1,2),"") | CC32: - | CE32: =IFERROR(VLOOKUP(CA32,시험요청!EV:EZ,5,FALSE),"")
A33: 4 | B33: 4 | C33: 양산기술 | D33: 윤민용 | E33: 김노연 | F33: DP | G33: 2025121286 | H33: JF0 Mono-Ply | I33: 1030901 | J33: P195/65R15H | K33: PH46 | L33: 4 | M33: L | N33: B | O33: - | P33: HK | Q33: 1 | R33: 10 | S33: 01/27 화 | T33: RE/DP H183 | U33: Transfer Dev. | V33: P95 | W33: U33 | X33: S25 | Y33: - (N) | Z33: DR57780 | AA33: B1008 | AB33: 216 | AC33: S24 | AD33: B89 | AE33: DN69402 | AF33: 신제작 | AG33: 140 | AH33: 0 | AI33: 1825 | AJ33: FA29476 | AK33: 390 | AL33: 410 | AM33: FX27532 | AN33: ET10416 | AO33: 520 | AP33: 90 | AQ33: - | AR33: - | AS33: - | AT33: - | AU33: FH23557 | AV33: ES20424 | AW33: 180 | AX33: 27 | AY33: FX25954 | AZ33: ES20424 | BA33: 170 | BB33: 27 | BC33: ET10121 | BD33: - | BE33: - | BF33: - | BG33: - | BH33: - | BI33: - | BJ33: TREAD | BK33: - | BL33: - | BN33: 15 | BO33: [정규용] 05388 05389 | BP33: BD40AI | BQ33: CE09W09 | BR33: 42M | BT33: GU28784 | BU33: GW54007 | BV33: AD225 | BW33: 1204 | BX33: 현용 BIC 1204 T/D Album Car | BY33: Ware Ware | BZ33: 신우 | CA33: =A33&"&"&G33 -> 4&2025121286 | CB33: =IFERROR(MID(J33,FIND("R",J33)+1,2),"") -> 15 | CC33: H183 Mono-Ply 생산 중 | CE33: =IFERROR(VLOOKUP(CA33,시험요청!EV:EZ,5,FALSE),"") -> 0
A34: 4 | B34: 4 | C34: OE | D34: 김태산 | E34: 김영광 | F34: DS | G34: 2026010593 | H34: JF505 SRFM | I34: 2022595 | J34: 235/65R16C | K34: VL01E | L34: 10 | M34: L | N34: B | O34: H | P34: HK | Q34: 18 | R34: 25 | S34: 01/27 화 | T34: OE/DS H161 | U34: OE New Dev. | V34: P46 | W34: U36 | X34: S25 | Y34: U35 (F) | Z34: DR75089 | AA34: 신제작 | AB34: 242 | AC34: S24 | AD34: B98 | AE34: DN69125 | AF34: B1005 | AG34: 180 | AH34: 784 | AI34: 2060 | AJ34: FY25573 | AK34: 475 | AL34: 440 | AM34: FR03032 | AN34: ET10203 | AO34: 670 | AP34: 90 | AQ34: FW02469 | AR34: ET10203 | AS34: 510 | AT34: 90 | AU34: FHB0293 | AV34: ES20427 | AW34: 205 | AX34: 20 | AY34: FH25049 | AZ34: ES20427 | BA34: 190 | BB34: 20 | BC34: ET11001 | BD34: - | BE34: FX28061 | BF34: 50 | BG34: 24 | BH34: DN56899 | BI34: CQB86 | BJ34: TREAD | BK34: 40 | BL34: SRFM | BN34: 16 | BO34: [신제품 개발] 25H81 | BP34: BD48AI | BQ34: CE55H21 | BR34: 47M | BS34: OE성적서 | BT34: GU29382 GS/50/24 GS01314 | BU34: GW21996 | BV34: AD335 | BW34: 1295 | BX34: 155°C 저온가류 SRFM Width 50mm [HEW)OP Inform] | BZ34: SYT | CA34: =A34&"&"&G34 -> 4&2026010593 | CB34: =IFERROR(MID(J34,FIND("R",J34)+1,2),"") -> 16 | CC34: - | CE34: =IFERROR(VLOOKUP(CA34,시험요청!EV:EZ,5,FALSE),"") -> 0
A35: 4 | H35: JF505 | Q35: 19 | R35: 25 | V35: CXT96 X053 | W35: U36 | X35: S25 | Y35: U35 (F) | Z35: DRC6199 | AA35: 신제작 | AB35: 242 | AG35: 180 | AH35: 784 | AI35: 2060 | AJ35: FY25573 | AK35: 475 | AL35: 440 | AM35: FR03032 | AN35: ET10203 | AO35: 670 | AP35: 90 | AQ35: FX26739 | AR35: ET10203 | AS35: 510 | AT35: 90 | AU35: FHB0158 | AV35: ES20427 | AW35: 205 | AX35: 27 | AY35: FH25095 | AZ35: ES20427 | BA35: 190 | BB35: 27 | BC35: ET11001 | BD35: - | BE35: - | BF35: - | BG35: - | BH35: - | BI35: - | BJ35: TREAD | BK35: 40 | BL35: SRFM | BN35: 16 | BT35: GU29768 | BU35: GW21996 | BV35: BB330 | BW35: 1295 | BX35: 155°C 저온가류 | CA35: =A35&"&"&G35 -> 4& | CB35: =IFERROR(MID(J35,FIND("R",J35)+1,2),"") | CC35: - | CE35: =IFERROR(VLOOKUP(CA35,시험요청!EV:EZ,5,FALSE),"")
A36: 4 | B36: 4 | C36: RE | D36: 유호영 | E36: 김상훈 | F36: DM | G36: 2025123008 | H36: JF5 | I36: 1037238 | J36: 275/55R20T XL | K36: QA62B | L36: 4 | M36: L | N36: B | O36: - | P36: HK | Q36: 3 | R36: 24 | S36: 01/27 화 | T36: RE/DM H101 | U36: Model Dev. | V36: CXP71 X070 | W36: U33 | X36: S25 | Y36: - (C) | Z36: DRC6214 | AA36: 신제작 | AB36: 284 | AC36: S24 | AD36: B89 | AE36: DN69316 | AF36: B1005 | AG36: 170 | AH36: 824 | AI36: 2345 | AJ36: FY24970 | AK36: 530 | AL36: 495 | AM36: FR03996 | AN36: ET10203 | AO36: 670 | AP36: 90 | AQ36: FD23295 | AR36: ET10203 | AS36: 560 | AT36: 90 | AU36: FHB0330 | AV36: ES10262 | AW36: 245 | AX36: 24 | AY36: FX27896 | AZ36: ES10262 | BA36: 235 | BB36: 24 | BC36: ET10121 | BD36: - | BE36: - | BF36: - | BG36: - | BH36: - | BI36: - | BJ36: SIDE | BK36: 40 | BL36: - | BN36: 20 | BO36: [신제품 개발] 25Z02 (개조중) | BP36: BG18AN | BQ36: CE09Z14 | BR36: 51M | BT36: GU29799 | BU36: GW22189 | BV36: BT235 | BW36: 1626 | BX36: U/F 측정 | BY36: 개조중 | BZ36: HPW | CA36: =A36&"&"&G36 -> 4&2025123008 | CB36: =IFERROR(MID(J36,FIND("R",J36)+1,2),"") -> 20 | CC36: - | CE36: =IFERROR(VLOOKUP(CA36,시험요청!EV:EZ,5,FALSE),"") -> 0
A37: 4 | B37: 4 | C37: 양산기술 | D37: 윤민용 | E37: 이준탁 | F37: DP | G37: 2024091792 | H37: JF505 Mono-Ply | I37: 1019795 | J37: 175/65R14H | K37: LH41 | L37: 4 | M37: L | N37: B | O37: C | P37: LF | Q37: 0 | R37: 10 | S37: 01/28 수 | T37: RE/DP H114 | U37: Transfer Dev. | V37: P50 | W37: U33 | X37: S25 | Y37: - (N) | Z37: DR73684 | AA37: 신제작 | AB37: 178 | AC37: S24 | AD37: B89 | AE37: DN69403 | AF37: 신제작 | AG37: 135 | AH37: 0 | AI37: 1685 | AJ37: FA29528 | AK37: 350 | AL37: 370 | AM37: FX27527 | AN37: ET10416 | AO37: 460 | AP37: 90 | AQ37: - | AR37: - | AS37: - | AT37: - | AU37: FH22844 | AV37: ES20424 | AW37: 145 | AX37: 24 | AY37: FX25992 | AZ37: ES20424 | BA37: 135 | BB37: 24 | BC37: ET10121 | BD37: - | BE37: - | BF37: - | BG37: - | BH37: - | BI37: - | BJ37: TREAD | BK37: - | BL37: - | BN37: 14 | BO37: [정규용] 15334 15335 (개조중) | BP37: BC06AP | BQ37: CE09K09 | BR37: 40M | BT37: GU28631 | BU37: GW44006 | BV37: AB115 | BW37: 1124 | BX37: 현용 BIC 1124 | BZ37: 신우 | CA37: =A37&"&"&G37 -> 4&2024091792 | CB37: =IFERROR(MID(J37,FIND("R",J37)+1,2),"") -> 14 | CC37: - | CE37: =IFERROR(VLOOKUP(CA37,시험요청!EV:EZ,5,FALSE),"") -> 0
A38: 4 | B38: 4 | C38: RE | D38: 이병재 | E38: 김상훈 | F38: DS | G38: 2025120447 | H38: JF505 | I38: 1038853 | J38: 265/70R16T | K38: PC05 | L38: 4 | M38: L | N38: B | O38: - | P38: HK | Q38: 0 | R38: 14 | S38: 01/28 수 | T38: RE/DS H173 | U38: Expand | V38: P95 | W38: U33 | X38: S25 | Y38: - (N) | Z38: DR71991 | AA38: B1008 | AB38: 260 | AC38: S24 | AD38: B89 | AE38: DN69405 | AF38: 신제작 | AG38: 230 | AH38: 984 | AI38: 2260 | AJ38: FY24911 | AK38: 580 | AL38: 545 | AM38: FR02899 | AN38: ET10203 | AO38: 750 | AP38: 90 | AQ38: FW02181 | AR38: ET10203 | AS38: 610 | AT38: 90 | AU38: FH24988 | AV38: ES20424 | AW38: 215 | AX38: 24 | AY38: FX30296 | AZ38: ES20424 | BA38: 205 | BB38: 24 | BC38: ET10121 | BD38: - | BE38: - | BF38: - | BG38: - | BH38: DN56899 | BI38: CQB86 | BJ38: TREAD | BK38: 40 | BL38: - | BN38: 16 | BO38: [정규 SIDEMOLD] Tread 22X30 22X31 Side 25DH9 25DJ1 (신제작중(입고대기중)) | BP38: BD0850 | BQ38: CE09L13 | BR38: 48L | BT38: GU28569 | BU38: GW66006 | BV38: BB315 | BW38: 1289 | BY38: Making Making | BZ38: HPW | CA38: =A38&"&"&G38 -> 4&2025120447 | CB38: =IFERROR(MID(J38,FIND("R",J38)+1,2),"") -> 16 | CC38: - | CE38: =IFERROR(VLOOKUP(CA38,시험요청!EV:EZ,5,FALSE),"") -> 0
A39: 4 | B39: 4 | C39: RE | D39: 김노연 | E39: 김노연 | F39: DS | G39: 2026011190 | H39: JF505 P2000D/2 | I39: 2022625 | J39: 195/60R16C | K39: RA58 | L39: 6 | M39: L | N39: B | O39: - | P39: HK | Q39: 2 | R39: 10 | S39: 01/29 목 | T39: RE/DS H164 | U39: Transfer Dev. | V39: T95 | W39: U36 | X39: S25 | Y39: U35 (F) | Z39: DR74913 | AA39: B1003 | AB39: 216 | AC39: S24 | AD39: B89 | AE39: DN69260 | AF39: B1007 | AG39: 140 | AH39: 616 | AI39: 1835 | AJ39: FY25659 | AK39: 390 | AL39: 355 | AM39: FW02563 | AN39: ET10135 | AO39: 540 | AP39: 90 | AQ39: - | AR39: - | AS39: - | AT39: - | AU39: FHB0157 | AV39: ES20427 | AW39: 175 | AX39: 27 | AY39: FH24210 | AZ39: ES20427 | BA39: 160 | BB39: 27 | BC39: ET11001 | BD39: - | BE39: - | BF39: - | BG39: - | BH39: DN56899 | BI39: CQB86 | BJ39: TREAD | BK39: - | BL39: P2000D/2 | BN39: 16 | BO39: [정규용] 25J51 25J52 | BP39: BD0150 | BQ39: CA04X14 | BR39: 42M | BT39: GU28586 | BU39: GW56011 | BV39: BB215 | BW39: 1285 | BY39: Ware Ware | BZ39: 혜원 | CA39: =A39&"&"&G39 -> 4&2026011190 | CB39: =IFERROR(MID(J39,FIND("R",J39)+1,2),"") -> 16 | CC39: - | CE39: =IFERROR(VLOOKUP(CA39,시험요청!EV:EZ,5,FALSE),"") -> 0
A40: 4 | B40: 4 | C40: DP | D40: 김영광 | E40: 김상훈 | F40: DS | G40: 2026010956 | H40: JF0 P2000D/2 | I40: 1023385 | J40: 225/60R18T | K40: RW10 | L40: 4 | M40: L | N40: B | O40: - | P40: HK | Q40: 7 | R40: 10 | S40: 01/29 목 | T40: RE/DS H184 | U40: Cost Optimization | V40: P59 | W40: U35 | X40: S25 | Y40: - (N) | Z40: DR72254 | AA40: B1008 | AB40: 240 | AC40: S24 | AD40: B89 | AE40: DN68751 | AF40: B1005 | AG40: 160 | AH40: 712 | AI40: 2110 | AJ40: FY24517 | AK40: 440 | AL40: 405 | AM40: FW02502 | AN40: ET10135 | AO40: 590 | AP40: 90 | AQ40: - | AR40: - | AS40: - | AT40: - | AU40: FHB0373 | AV40: ES10259 | AW40: 200 | AX40: 24 | AY40: FX28352 | AZ40: ES10259 | BA40: 190 | BB40: 24 | BC40: ET10121 | BD40: - | BE40: - | BF40: - | BG40: - | BH40: DN56899 | BI40: CQB86 | BJ40: TREAD | BK40: - | BL40: P2000D/2 | BN40: 18 | BO40: [정규용] 17575 17576 (개조중) | BP40: BE46AI | BQ40: CE09K12 | BR40: 47M | BT40: GU28045 | BU40: GW46405 | BV40: BH215 | BW40: 1462 | BY40: Remodel Remodel | BZ40: 신우 | CA40: =A40&"&"&G40 -> 4&2026010956 | CB40: =IFERROR(MID(J40,FIND("R",J40)+1,2),"") -> 18 | CC40: - | CE40: =IFERROR(VLOOKUP(CA40,시험요청!EV:EZ,5,FALSE),"") -> 0
A41: 4 | B41: 4 | C41: RE | D41: 이학진 | E41: 이준탁 | F41: DS | G41: 2026010400 | H41: JF0 | I41: 1037810 | J41: 275/35R20W XL | K41: W340 | L41: 4 | M41: L | N41: B | O41: - | P41: HK | Q41: 1 | R41: 14 | S41: 01/29 목 | T41: RE/DS H138 | U41: Expand | V41: P47 | W41: U36 | X41: S25 | Y41: U35 (C) | Z41: DR75023 | AA41: B1004 | AB41: 282 | AC41: S24 | AD41: B89 | AE41: DN67205 | AF41: B1007 | AG41: 110 | AH41: 604 | AI41: 2040 | AJ41: FY25233 | AK41: 440 | AL41: 405 | AM41: FX22932 | AN41: ET20271 | AO41: 520 | AP41: 90 | AQ41: FD24202 | AR41: ET20271 | AS41: 450 | AT41: 90 | AU41: FHB0092 | AV41: ES10262 | AW41: 250 | AX41: 27 | AY41: FX27895 | AZ41: ES10262 | BA41: 240 | BB41: 27 | BC41: ET11001 | BD41: - | BE41: - | BF41: - | BG41: - | BH41: - | BI41: - | BJ41: SIDE | BK41: - | BL41: - | BN41: 20 | BO41: [정규용] 25T49 25T50 | BP41: BG30BI | BQ41: CE01P13 | BR41: 48M | BT41: GU29027 | BU41: GW22190 | BV41: AT115 | BW41: 1626 | BY41: Ware Ware | BZ41: HPW | CA41: =A41&"&"&G41 -> 4&2026010400 | CB41: =IFERROR(MID(J41,FIND("R",J41)+1,2),"") -> 20 | CC41: - | CE41: =IFERROR(VLOOKUP(CA41,시험요청!EV:EZ,5,FALSE),"") -> 0
A42: 4 | B42: 4 | C42: RE | D42: 김도형 | E42: 이준탁 | F42: DS | G42: 2026010739 | H42: JF0 | I42: 1038832 | J42: 245/45R19Y XL | K42: IH01 | L42: 4 | M42: L | N42: B | O42: - | P42: HK | Q42: 0 | R42: 12 | S42: 01/30 금 | T42: RE/DS H135 | U42: Expand | V42: P54 | W42: U36 | X42: S25 | Y42: U35 (C) | Z42: DR75091 | AA42: 신제작 | AB42: 252 | AC42: S24 | AD42: B89 | AE42: DN69468 | AF42: 신제작 | AG42: 120 | AH42: 594 | AI42: 2045 | AJ42: FY24753 | AK42: 410 | AL42: 375 | AM42: FS00813 | AN42: ET10203 | AO42: 620 | AP42: 90 | AQ42: - | AR42: - | AS42: - | AT42: - | AU42: FHB0044 | AV42: ES20425 | AW42: 215 | AX42: 27 | AY42: FX27266 | AZ42: ES20425 | BA42: 205 | BB42: 27 | BC42: ET10151 | BD42: 60 | BE42: - | BF42: - | BG42: - | BH42: - | BI42: - | BJ42: STOS | BK42: - | BL42: - | BN42: 19 | BO42: [정규용] 25GZ6 25GZ7 (신제작중) | BP42: BG0145 | BQ42: CE09X11 | BR42: 47M | BT42: GU28407 | BU42: GW22186 | BV42: AT220 | BW42: 1542 | BX42: Aramid JLB | BY42: Making Making | BZ42: HPW | CA42: =A42&"&"&G42 -> 4&2026010739 | CB42: =IFERROR(MID(J42,FIND("R",J42)+1,2),"") -> 19 | CC42: Mold No. 오기입 (25GZ4/5 -> 25GZ6/7) | CE42: =IFERROR(VLOOKUP(CA42,시험요청!EV:EZ,5,FALSE),"") -> 0
A43: 4 | B43: 4 | C43: RE | D43: 김도형 | E43: 김상훈 | F43: DS | G43: 2026011108 | H43: JF0 | I43: 1038838 | J43: 245/45R21H XL | K43: IH01A | L43: 4 | M43: L | N43: B | O43: - | P43: HK | Q43: 0 | R43: 12 | S43: 01/30 금 | T43: RE/DS H133 | U43: Expand | V43: P54 | W43: U36 | X43: S25 | Y43: U35 (C) | Z43: DR75091 | AA43: - | AB43: 252 | AC43: S24 | AD43: B89 | AE43: DN69468 | AF43: - | AG43: 120 | AH43: 594 | AI43: 2200 | AJ43: FY24869 | AK43: 410 | AL43: 375 | AM43: FS00813 | AN43: ET10203 | AO43: 620 | AP43: 90 | AQ43: - | AR43: - | AS43: - | AT43: - | AU43: FHB0103 | AV43: ES20424 | AW43: 215 | AX43: 27 | AY43: FX27689 | AZ43: ES20424 | BA43: 205 | BB43: 27 | BC43: ET10151 | BD43: 60 | BE43: - | BF43: - | BG43: - | BH43: - | BI43: - | BJ43: STOS | BK43: - | BL43: - | BN43: 21 | BO43: [정규용] 25GZ2 25GZ3 (신제작중) | BP43: BJ01BP | BQ43: CE09M12 | BR43: 47M | BT43: GU29392 | BU43: GW46409 | BV43: AT220 | BW43: 1702 | BX43: Aramid JLB | BY43: Making Making | BZ43: SYT | CA43: =A43&"&"&G43 -> 4&2026011108 | CB43: =IFERROR(MID(J43,FIND("R",J43)+1,2),"") -> 21 | CC43: - | CE43: =IFERROR(VLOOKUP(CA43,시험요청!EV:EZ,5,FALSE),"") -> 0
A44: 4 | B44: 4 | C44: RE | D44: 김정남 | E44: 김상훈 | F44: DS | G44: 2025100759 | H44: JF0 P2000D/2 | I44: 1029425 | J44: 215/65R16T | K44: LW71 | L44: 4 | M44: L | N44: B | O44: - | P44: LF | Q44: 1 | R44: 12 | S44: 01/30 금 | T44: RE/DS H161 | U44: Cost Optimization | V44: P59 | W44: U33 | X44: S25 | Y44: - (N) | Z44: DR69733 | AA44: B1008 | AB44: 230 | AC44: S24 | AD44: B89 | AE44: DN68117 | AF44: B1005 | AG44: 170 | AH44: 738 | AI44: 1985 | AJ44: FY24872 | AK44: 450 | AL44: 415 | AM44: FX31387 | AN44: ET10135 | AO44: 580 | AP44: 90 | AQ44: - | AR44: - | AS44: - | AT44: - | AU44: FHB0345 | AV44: ES20424 | AW44: 190 | AX44: 24 | AY44: FX25953 | AZ44: ES20424 | BA44: 180 | BB44: 24 | BC44: ET10121 | BD44: - | BE44: - | BF44: - | BG44: - | BH44: - | BI44: - | BJ44: TREAD | BK44: - | BL44: P2000D/2 | BN44: 16 | BO44: [정규용] 20Y47 20Y48 | BP44: BD39AI | BQ44: CE09N11 | BR44: 47M | BT44: GU28878 | BU44: GW55011 | BV44: AD225 | BW44: 1285 | BY44: Ware Ware | BZ44: 대광 | CA44: =A44&"&"&G44 -> 4&2025100759 | CB44: =IFERROR(MID(J44,FIND("R",J44)+1,2),"") -> 16 | CC44: 01/31 -> 01/30 금요일 진행 | CE44: =IFERROR(VLOOKUP(CA44,시험요청!EV:EZ,5,FALSE),"") -> 0
A45: 5 | B45: 5 | C45: RE | D45: 문윤환 | E45: 김노연 | F45: DS | G45: 2026010950 | H45: JF5 P2000D/2 | I45: 2021195 | J45: 225/75R16C | K45: RA30 | L45: 10 | M45: L | N45: B | O45: - | P45: HK | Q45: 14 | R45: 26 | S45: 02/02 월 | T45: RE/DS H173 | U45: Quality Improvement | V45: P90 | W45: U33 | X45: S25 | Y45: - (N) | Z45: DR70689 | AA45: B1008 | AB45: 234 | AC45: S24 | AD45: B89 | AE45: DN69484 | AF45: 신제작 | AG45: 195 | AH45: 834 | AI45: 2130 | AJ45: FY24716 | AK45: 500 | AL45: 465 | AM45: FR03957 | AN45: ET10135 | AO45: 690 | AP45: 90 | AQ45: FX31891 | AR45: ET10135 | AS45: 530 | AT45: - | AU45: FH25400 | AV45: ES12003 | AW45: 190 | AX45: 24 | AY45: FH25401 | AZ45: ES12003 | BA45: 175 | BB45: 24 | BC45: ET10121 | BD45: - | BE45: - | BF45: - | BG45: - | BH45: - | BI45: - | BJ45: TREAD | BK45: 40 | BL45: P2000D/2 | BN45: 16 | BO45: [정규용] 25V90 25V91 | BP45: BD33AP | BQ45: 50KFH21 | BR45: 47M | BT45: GU29748 | BU45: GW22137 | BV45: BT260 | BW45: 1289 | BX45: 가류기술연구팀 입회 예정 성형 후 주간조 가류 진행 | BY45: Use Use | BZ45: HPW | CA45: =A45&"&"&G45 -> 5&2026010950 | CB45: =IFERROR(MID(J45,FIND("R",J45)+1,2),"") -> 16 | CC45: - | CE45: =IFERROR(VLOOKUP(CA45,시험요청!EV:EZ,5,FALSE),"") -> 0
A46: 5 | B46: 5 | C46: RE | D46: 김진규 | E46: 김영광 | F46: DS | G46: 2026011674 | H46: JF505 | I46: 1031795 | J46: 245/40ZR19Y XL | K46: H750 | L46: 4 | M46: L | N46: B | O46: - | P46: HK | Q46: 3 | R46: 30 | S46: 02/02 월 | T46: RE/DS H136 | U46: Model Dev. | V46: P47 | W46: U36 | X46: S25 | Y46: U35 (C) | Z46: DR74006 | AA46: B1004 | AB46: 260 | AC46: S24 | AD46: B89 | AE46: DN66238 | AF46: B1007 | AG46: 115 | AH46: 578 | AI46: 1980 | AJ46: FY24867 | AK46: 400 | AL46: 365 | AM46: FX26753 | AN46: ET10203 | AO46: 600 | AP46: 90 | AQ46: - | AR46: - | AS46: - | AT46: - | AU46: FHB0334 | AV46: ES20425 | AW46: 220 | AX46: 24 | AY46: FX27555 | AZ46: ES20425 | BA46: 210 | BB46: 24 | BC46: ET11001 | BD46: - | BE46: - | BF46: - | BG46: - | BH46: - | BI46: - | BJ46: STOS | BK46: - | BL46: - | BN46: 19 | BO46: [정규용] 21Z65 21Z66 | BP46: BG23BI | BQ46: CE09M11 | BR46: 47M | BT46: GU28182 | BU46: GW22186 | BV46: AT115 | BW46: 1542 | BX46: 성형 당일 가류 요청 | BY46: Ware Ware | BZ46: 대광 | CA46: =A46&"&"&G46 -> 5&2026011674 | CB46: =IFERROR(MID(J46,FIND("R",J46)+1,2),"") -> 19 | CC46: - | CE46: =IFERROR(VLOOKUP(CA46,시험요청!EV:EZ,5,FALSE),"") -> 0
A47: 5 | B47: 5 | C47: RE | D47: 김도형 | E47: 김상훈 | F47: DS | G47: 2026011142 | H47: JF0 | I47: 1038834 | J47: 265/45R19Y XL | K47: IH01 | L47: 4 | M47: L | N47: B | O47: - | P47: HK | Q47: 0 | R47: 12 | S47: 02/03 화 | T47: RE/DS H185 | U47: Expand | V47: P54 | W47: U36 | X47: S25 | Y47: U35 (C) | Z47: DR73060 | AA47: B1004 | AB47: 276 | AC47: S24 | AD47: B89 | AE47: DN68413 | AF47: B1007 | AG47: 125 | AH47: 646 | AI47: 2090 | AJ47: FY24517 | AK47: 440 | AL47: 405 | AM47: FX23051 | AN47: ET20271 | AO47: 560 | AP47: 90 | AQ47: FN00360 | AR47: ET20271 | AS47: 470 | AT47: 90 | AU47: FHB0008 | AV47: ES10262 | AW47: 235 | AX47: 27 | AY47: FX27898 | AZ47: ES10262 | BA47: 225 | BB47: 27 | BC47: ET10151 | BD47: 60 | BE47: - | BF47: - | BG47: - | BH47: - | BI47: - | BJ47: SIDE | BK47: - | BL47: - | BN47: 19 | BO47: [정규용] 25GZ4 25GZ5 (신제작중) | BP47: BG05BP | BQ47: CE09W12 | BR47: 47M | BT47: GU28154 | BU47: GW21965 | BV47: AT225 | BW47: 1546 | BX47: Aramid JLB | BY47: Making Making | BZ47: HPW | CA47: =A47&"&"&G47 -> 5&2026011142 | CB47: =IFERROR(MID(J47,FIND("R",J47)+1,2),"") -> 19 | CC47: - | CE47: =IFERROR(VLOOKUP(CA47,시험요청!EV:EZ,5,FALSE),"") -> 0
A48: 5 | B48: 5 | C48: 양산기술 | D48: 장아영 | E48: 김상훈 | F48: DM | G48: 2026011566 | H48: JF5 | I48: 1037804 | J48: 245/45R20V XL | K48: W340 | L48: 4 | M48: L | N48: B | O48: - | P48: HK | Q48: 0 | R48: 10 | S48: 02/03 화 | T48: RE/DM H101 | U48: Transfer Dev. | V48: P42 | W48: U36 | X48: S25 | Y48: U35 (C) | Z48: DR75100 | AA48: 신제작 | AB48: 252 | AC48: S24 | AD48: B89 | AE48: DN69480 | AF48: 신제작 | AG48: 120 | AH48: 612 | AI48: 2135 | AJ48: FY24820 | AK48: 420 | AL48: 385 | AM48: FX22857 | AN48: ET20271 | AO48: 530 | AP48: 90 | AQ48: FD23105 | AR48: ET20271 | AS48: 440 | AT48: 90 | AU48: FHB0041 | AV48: ES10262 | AW48: 220 | AX48: 27 | AY48: FX27894 | AZ48: ES10262 | BA48: 210 | BB48: 27 | BC48: ET10121 | BD48: - | BE48: - | BF48: - | BG48: - | BH48: - | BI48: - | BJ48: SIDE | BK48: - | BL48: - | BN48: 20 | BO48: [정규용] 25G32 25G33 (KP) | BP48: BG35BU | BQ48: CE09W11 | BR48: 47M | BT48: GU29024 | BU48: GW22190 | BV48: AT225 | BW48: 1626 | BZ48: 신우 | CA48: =A48&"&"&G48 -> 5&2026011566 | CB48: =IFERROR(MID(J48,FIND("R",J48)+1,2),"") -> 20 | CC48: - | CE48: =IFERROR(VLOOKUP(CA48,시험요청!EV:EZ,5,FALSE),"") -> 0
A49: 5 | B49: 5 | C49: RE | D49: 현재호 | E49: 김노연 | F49: DS | G49: 2025120585 | H49: JF0 | I49: 1037787 | J49: 215/50R19T | K49: W340 | L49: 4 | M49: L | N49: B | O49: - | P49: HK | Q49: 2 | R49: 14 | S49: 02/05 목 | T49: RE/DS H135 | U49: Expand | V49: P42 | W49: U36 | X49: S25 | Y49: U35 (C) | Z49: DR75102 | AA49: 신제작 | AB49: 228 | AC49: S24 | AD49: B89 | AE49: DN69209 | AF49: B1007 | AG49: 130 | AH49: 612 | AI49: 2035 | AJ49: FY24639 | AK49: 400 | AL49: 365 | AM49: FX27488 | AN49: ET10416 | AO49: 510 | AP49: 90 | AQ49: - | AR49: - | AS49: - | AT49: - | AU49: FH23551 | AV49: ES20424 | AW49: 190 | AX49: 27 | AY49: FX26277 | AZ49: ES20424 | BA49: 180 | BB49: 27 | BC49: ET10121 | BD49: - | BE49: - | BF49: - | BG49: - | BH49: - | BI49: - | BJ49: TREAD | BK49: - | BL49: - | BN49: 19 | BO49: [정규용] 25H91 25H92 (개조중) | BP49: BG24AI | BQ49: CE09P11 | BR49: 47M | BT49: GU28155 | BU49: GW22186 | BV49: AT225 | BW49: 1542 | BY49: Remodel Remodel | BZ49: 혜원 | CA49: =A49&"&"&G49 -> 5&2025120585 | CB49: =IFERROR(MID(J49,FIND("R",J49)+1,2),"") -> 19 | CC49: Mold 입고 일정 지연 (계획 수정) | CE49: =IFERROR(VLOOKUP(CA49,시험요청!EV:EZ,5,FALSE),"") -> 0
A50: 5 | B50: 5 | C50: RE | D50: 김정남 | E50: 김영광 | F50: DS | G50: 2025100847 | H50: JF505 P2000D/2 | I50: 1035083 | J50: 235/55R20V | K50: RA43 | L50: 4 | M50: L | N50: B | O50: - | P50: HK | Q50: 2 | R50: 12 | S50: 02/05 목 | T50: RE/DS H139 | U50: Cost Optimization | V50: P46 | W50: U36 | X50: S25 | Y50: U35 (C) | Z50: DR74175 | AA50: B1004 | AB50: 258 | AC50: S24 | AD50: B89 | AE50: DN69220 | AF50: 신제작 | AG50: 155 | AH50: 710 | AI50: 2220 | AJ50: FY24792 | AK50: 450 | AL50: 415 | AM50: FX31387 | AN50: ET10135 | AO50: 580 | AP50: 90 | AQ50: - | AR50: - | AS50: - | AT50: - | AU50: FHB0103 | AV50: ES20424 | AW50: 215 | AX50: 27 | AY50: FX27689 | AZ50: ES20424 | BA50: 205 | BB50: 27 | BC50: ET10121 | BD50: - | BE50: - | BF50: - | BG50: - | BH50: - | BI50: - | BJ50: TREAD | BK50: - | BL50: P2000D/2 | BN50: 20 | BO50: [정규용] 23K20 23K21 | BP50: BG35BU | BQ50: CE09L12 | BR50: 48L | BT50: GU29013 | BU50: GW21729 | BV50: AT230 | BW50: 1622 | BY50: Ware Ware | BZ50: 혜원 | CA50: =A50&"&"&G50 -> 5&2025100847 | CB50: =IFERROR(MID(J50,FIND("R",J50)+1,2),"") -> 20 | CC50: - | CE50: =IFERROR(VLOOKUP(CA50,시험요청!EV:EZ,5,FALSE),"") -> 0
A51: 5 | B51: 5 | C51: 양산기술 | D51: 박해용 | E51: 김상훈 | F51: DM | G51: 2026011474 | H51: JF0 | I51: 1035133 | J51: 245/40ZR20(Y) XL | K51: K137 | L51: 4 | M51: L | N51: B | O51: - | P51: HK | Q51: 8 | R51: 16 | S51: 02/05 목 | T51: RE/DM H101 | U51: Research | V51: P35 | W51: U35 | X51: S25 | Y51: - (C) | Z51: DR73486 | AA51: B1008 | AB51: 258 | AC51: S24 | AD51: B89 | AE51: DN68468 | AF51: B1007 | AG51: 105 | AH51: 548 | AI51: 2060 | AJ51: FY24868 | AK51: 390 | AL51: 355 | AM51: FS00418 | AN51: ET10203 | AO51: 580 | AP51: 90 | AQ51: - | AR51: - | AS51: - | AT51: - | AU51: FHB0439 | AV51: ES20425 | AW51: 225 | AX51: 30 | AY51: FX30138 | AZ51: ES20425 | BA51: 215 | BB51: 30 | BC51: ET10151 | BD51: 60 | BE51: - | BF51: - | BG51: - | BH51: - | BI51: - | BJ51: STOS | BK51: - | BL51: - | BN51: 20 | BO51: [정규용] 23N47 23N48 | BP51: BG0145 | BQ51: CE09V11 | BR51: 47M | BT51: GU29462 | BU51: GW21496 | BV51: DT115 | BW51: 1622 | BX51: PC성형 제조기술 PJT Mechanical 성형기 Air 부적합 개선 비정규 비대칭 B/F profile 검증 Aramid JLB | BY51: Ware Ware | BZ51: 혜원 | CA51: =A51&"&"&G51 -> 5&2026011474 | CB51: =IFERROR(MID(J51,FIND("R",J51)+1,2),"") -> 20 | CC51: - | CE51: =IFERROR(VLOOKUP(CA51,시험요청!EV:EZ,5,FALSE),"") -> 0
A52: 5 | Q52: 9 | R52: 16 | AB52: 258 | AG52: 105 | AH52: 548 | AI52: 2060 | AJ52: FY24868 | AK52: 390 | AL52: 355 | AM52: FS00418 | AN52: ET10203 | AO52: 580 | AP52: 90 | AQ52: - | AR52: - | AS52: - | AT52: - | AU52: FHB0439 | AV52: ES20425 | AW52: 225 | AX52: 30 | AY52: FX30138 | AZ52: ES20425 | BA52: 215 | BB52: 30 | BC52: ET10151 | BD52: 60 | BE52: - | BF52: - | BG52: - | BH52: - | BI52: - | BJ52: STOS | BK52: - | BL52: - | BN52: 20 | BT52: GU29810 | BU52: GW21496 | BV52: DX115 | BW52: 1622 | BY52: Ware Ware | CA52: =A52&"&"&G52 -> 5& | CB52: =IFERROR(MID(J52,FIND("R",J52)+1,2),"") | CC52: - | CE52: =IFERROR(VLOOKUP(CA52,시험요청!EV:EZ,5,FALSE),"")
A53: 5 | Q53: 10 | R53: 16 | AB53: 258 | AG53: 105 | AH53: 548 | AI53: 2060 | AJ53: FY24868 | AK53: 390 | AL53: 355 | AM53: FS00418 | AN53: ET10203 | AO53: 580 | AP53: 90 | AQ53: - | AR53: - | AS53: - | AT53: - | AU53: FHB0439 | AV53: ES20425 | AW53: 225 | AX53: 30 | AY53: FX30138 | AZ53: ES20425 | BA53: 215 | BB53: 30 | BC53: ET10151 | BD53: 60 | BE53: - | BF53: - | BG53: - | BH53: - | BI53: - | BJ53: STOS | BK53: - | BL53: - | BN53: 20 | BT53: GU29811 | BU53: GW21496 | BV53: DX120 | BW53: 1622 | BY53: Ware Ware | CA53: =A53&"&"&G53 -> 5& | CB53: =IFERROR(MID(J53,FIND("R",J53)+1,2),"") | CC53: - | CE53: =IFERROR(VLOOKUP(CA53,시험요청!EV:EZ,5,FALSE),"")
A54: 5 | B54: 5 | C54: RE | D54: 이지호 | E54: 김영광 | F54: DS | G54: 2026011839 | H54: JF0 | I54: 1038547 | J54: 175/65R15H | K54: LH43 | L54: 4 | M54: L | N54: B | O54: - | P54: LF | Q54: 0 | R54: 14 | S54: 02/06 금 | T54: RE/DS H151 | U54: Expand | V54: P61 | W54: U36 | X54: S25 | Y54: U35 (C) | Z54: DR75109 | AA54: 신제작 | AB54: 184 | AC54: S24 | AD54: B89 | AE54: DN69486 | AF54: 신제작 | AG54: 135 | AH54: 586 | AI54: 1760 | AJ54: FY24786 | AK54: 360 | AL54: 325 | AM54: FX27527 | AN54: ET10416 | AO54: 460 | AP54: 90 | AQ54: - | AR54: - | AS54: - | AT54: - | AU54: FH23593 | AV54: ES20424 | AW54: 145 | AX54: 27 | AY54: FX25970 | AZ54: ES20424 | BA54: 135 | BB54: 27 | BC54: ET10121 | BD54: - | BE54: - | BF54: - | BG54: - | BH54: - | BI54: - | BJ54: TREAD | BK54: - | BL54: - | BN54: 15 | BO54: [정규용] 25CK4 25CK5 (KP) | BP54: BD32AI | BQ54: - | BR54: 42M | BT54: GU28422 | BU54: GW44007 | BV54: AB115 | BW54: 1204 | BY54: Ware Ware | CA54: =A54&"&"&G54 -> 5&2026011839 | CB54: =IFERROR(MID(J54,FIND("R",J54)+1,2),"") -> 15 | CC54: - | CE54: =IFERROR(VLOOKUP(CA54,시험요청!EV:EZ,5,FALSE),"") -> 0
A55: 5 | B55: 5 | C55: 양산기술 | D55: 윤민용 | E55: 김노연 | F55: DS | G55: 2026010973 | H55: JF0 | I55: 1033144 | J55: 245/40ZR19(Y) XL | K55: K137 | L55: 4 | M55: L | N55: B | O55: Q | P55: HK | Q55: 2 | R55: 10 | S55: 02/06 금 | T55: RE/DS H136 | U55: Transfer Dev. | V55: P35 | W55: U35 | X55: S25 | Y55: - (C) | Z55: DR75092 | AA55: 신제작 | AB55: 258 | AC55: S24 | AD55: B89 | AE55: DN68301 | AF55: B1007 | AG55: 110 | AH55: 556 | AI55: 1980 | AJ55: FY24868 | AK55: 390 | AL55: 355 | AM55: FS00811 | AN55: ET10203 | AO55: 580 | AP55: 90 | AQ55: - | AR55: - | AS55: - | AT55: - | AU55: FHB0439 | AV55: ES20425 | AW55: 225 | AX55: 30 | AY55: FX30138 | AZ55: ES20425 | BA55: 215 | BB55: 30 | BC55: ET10151 | BD55: 60 | BE55: - | BF55: - | BG55: - | BH55: - | BI55: - | BJ55: STOS | BK55: - | BL55: - | BN55: 19 | BO55: [정규용] 24539 24540 (수리중(미개조), KP) | BP55: BG23BI | BQ55: CE09K13 | BR55: 47M | BT55: GU29017 | BU55: GW22283 | BV55: AT230 | BW55: 1542 | BX55: Aramid JLB | BZ55: 혜원 | CA55: =A55&"&"&G55 -> 5&2026010973 | CB55: =IFERROR(MID(J55,FIND("R",J55)+1,2),"") -> 19 | CC55: - | CE55: =IFERROR(VLOOKUP(CA55,시험요청!EV:EZ,5,FALSE),"") -> 0
A56: 5 | B56: 5 | C56: 설계기술 | D56: 박문철 | E56: 김영광 | F56: DS | G56: 2026011396 | H56: JF505 P2000D/2 | I56: 1024287 | J56: 245/45ZR19Y XL | K56: K127 | L56: 4 | M56: L | N56: B | O56: - | P56: HK | Q56: 39 | R56: 10 | S56: 02/07 토 | T56: RE/DS H185 | U56: Research | V56: Z12 | W56: U33 | X56: S25 | Y56: - (C) | Z56: DR72506 | AA56: B1003 | AB56: 254 | AC56: S24 | AD56: B89 | AE56: DN66879 | AF56: B1007 | AG56: 125 | AH56: 614 | AI56: 2055 | AJ56: FY24820 | AK56: 420 | AL56: 385 | AM56: FD24188 | AN56: ET10135 | AO56: 460 | AP56: 90 | AQ56: - | AR56: - | AS56: - | AT56: - | AU56: FHB0034 | AV56: ES20425 | AW56: 220 | AX56: 27 | AY56: FX27311 | AZ56: ES20425 | BA56: 210 | BB56: 27 | BC56: ET10151 | BD56: - | BE56: - | BF56: - | BG56: - | BH56: - | BI56: - | BJ56: SIDE | BK56: - | BL56: P2000D/2 | BN56: 19 | BO56: [정규용] 23639 23640 24T45 24T46 24U02 24U03 (개조중(미개조)) | BP56: BG41BP | BQ56: CE09M13 | BR56: 47M | BT56: GU29123 | BU56: GW22186 | BV56: DT225 | BW56: 1542 | BX56: Aramid JLB | BY56: Remodel Remodel Remodel Remodel Use Use | BZ56: 혜원 | CA56: =A56&"&"&G56 -> 5&2026011396 | CB56: =IFERROR(MID(J56,FIND("R",J56)+1,2),"") -> 19 | CC56: - | CE56: =IFERROR(VLOOKUP(CA56,시험요청!EV:EZ,5,FALSE),"") -> 0
A57: 5 | Q57: 40 | R57: 10 | AB57: 254 | AG57: 125 | AH57: 614 | AI57: 2055 | AJ57: FY24820 | AK57: 420 | AL57: 385 | AM57: FD24188 | AN57: ET10135 | AO57: 460 | AP57: 90 | AQ57: - | AR57: - | AS57: - | AT57: - | AU57: FHB0034 | AV57: ES20425 | AW57: 220 | AX57: 27 | AY57: FX27311 | AZ57: ES20425 | BA57: 210 | BB57: 27 | BC57: ET10151 | BD57: - | BE57: - | BF57: - | BG57: - | BH57: - | BI57: - | BJ57: SIDE | BK57: - | BL57: P2000D/2 | BN57: 19 | BT57: GU29813 | BU57: GW22186 | BV57: DT235 | BW57: 1542 | BY57: Remodel Remodel Remodel Remodel Use Use | CA57: =A57&"&"&G57 -> 5& | CB57: =IFERROR(MID(J57,FIND("R",J57)+1,2),"") | CC57: - | CE57: =IFERROR(VLOOKUP(CA57,시험요청!EV:EZ,5,FALSE),"")
A58: 5 | Q58: 41 | R58: 10 | AB58: 254 | AC58: S24 | AD58: B89 | AE58: DN69478 | AF58: 신제작 | AG58: 125 | AH58: 614 | AI58: 2055 | AJ58: FY24820 | AK58: 420 | AL58: 385 | AM58: FD24188 | AN58: ET10135 | AO58: 460 | AP58: 90 | AQ58: - | AR58: - | AS58: - | AT58: - | AU58: FHB0034 | AV58: ES20425 | AW58: 220 | AX58: 27 | AY58: FX27311 | AZ58: ES20425 | BA58: 210 | BB58: 27 | BC58: ET10151 | BD58: - | BE58: - | BF58: - | BG58: - | BH58: - | BI58: - | BJ58: SIDE | BK58: - | BL58: P2000D/2 | BN58: 19 | BY58: Remodel Remodel Remodel Remodel Use Use | CA58: =A58&"&"&G58 -> 5& | CB58: =IFERROR(MID(J58,FIND("R",J58)+1,2),"") | CC58: - | CE58: =IFERROR(VLOOKUP(CA58,시험요청!EV:EZ,5,FALSE),"")
A59: 5 | B59: 5 | C59: RE | D59: 손정훈 | E59: 이준탁 | F59: DP | G59: 2026011994 | H59: JF505 | I59: 1034890 | J59: 300/680R18 | K59: Z237 | L59: 4 | M59: L | N59: B | O59: O | P59: HK | Q59: 29 | R59: 8 | S59: 02/04 수 | T59: RE/DP H103 | U59: Model Dev. | V59: CXF53 X058 | W59: U35 | X59: - | Y59: - (N) | Z59: DRC3855 | AA59: B1006 | AB59: 336 | AC59: S26 | AD59: - | AE59: DN68577 | AF59: B1006 | AG59: 125 | AH59: 0 | AI59: 2012 | AJ59: - | AK59: - | AL59: - | AM59: FX31573 | AN59: ET11040 | AO59: 645 | AP59: 77 | AQ59: FX31104 | AR59: ET11040 | AS59: 495 | AT59: 77 | AU59: FH24437 | AV59: ES20425 | AW59: 295 | AX59: 33 | AY59: FX30838 | AZ59: ES20425 | BA59: 285 | BB59: 33 | BC59: ET10151 | BD59: - | BE59: - | BF59: - | BG59: - | BH59: - | BI59: - | BJ59: TREAD | BK59: - | BL59: 33도 벨트 | BN59: 18 | BO59: [샘플용] 23J67 25461 | BP59: - | BQ59: - | BR59: 48M | BT59: GU26929 | BU59: GW22005 | BV59: DH230 | BW59: 1466 | BX59: X29, X33 케이블 비드 Aramid JLB | BY59: Ware Ware | BZ59: 대광 | CA59: =A59&"&"&G59 -> 5&2026011994 | CB59: =IFERROR(MID(J59,FIND("R",J59)+1,2),"") -> 18 | CC59: - | CE59: =IFERROR(VLOOKUP(CA59,시험요청!EV:EZ,5,FALSE),"") -> 0
A60: 5 | G60: 2026012656 | Q60: 33 | R60: 8 | AB60: 336 | AG60: 125 | AH60: 0 | AI60: 2012 | AJ60: - | AK60: - | AL60: - | AM60: FX31573 | AN60: ET11040 | AO60: 645 | AP60: 77 | AQ60: FX31104 | AR60: ET11040 | AS60: 495 | AT60: 77 | AU60: FH24437 | AV60: ES20425 | AW60: 295 | AX60: 33 | AY60: FX30838 | AZ60: ES20425 | BA60: 285 | BB60: 33 | BC60: ET10151 | BD60: - | BE60: - | BF60: - | BG60: - | BH60: DN56899 | BI60: CQB86 | BJ60: TREAD | BK60: - | BL60: 33도 벨트 | BN60: 18 | BY60: Ware Ware | CA60: =A60&"&"&G60 -> 5&2026012656 | CB60: =IFERROR(MID(J60,FIND("R",J60)+1,2),"") | CC60: BFT Length 누락 : Spec No. 변경 | CE60: =IFERROR(VLOOKUP(CA60,시험요청!EV:EZ,5,FALSE),"")
A61: 5 | G61: 2026011994 | Q61: 31 | R61: 12 | V61: CXF53 X064 | W61: U35 | X61: - | Y61: - (N) | Z61: DRC3855 | AA61: B1006 | AB61: 336 | AG61: 125 | AH61: 0 | AI61: 2012 | AJ61: - | AK61: - | AL61: - | AM61: FX31573 | AN61: ET11040 | AO61: 645 | AP61: 77 | AQ61: FX31104 | AR61: ET11040 | AS61: 495 | AT61: 77 | AU61: FH24437 | AV61: ES20425 | AW61: 295 | AX61: 33 | AY61: FX30838 | AZ61: ES20425 | BA61: 285 | BB61: 33 | BC61: ET10151 | BD61: - | BE61: - | BF61: - | BG61: - | BH61: - | BI61: - | BJ61: TREAD | BK61: - | BL61: 33도 벨트 | BN61: 18 | BX61: Aramid JLB | BY61: Ware Ware | CA61: =A61&"&"&G61 -> 5&2026011994 | CB61: =IFERROR(MID(J61,FIND("R",J61)+1,2),"") | CC61: - | CE61: =IFERROR(VLOOKUP(CA61,시험요청!EV:EZ,5,FALSE),"") -> 0
A62: 5 | Q62: 32 | R62: 12 | V62: CXF53 X065 | W62: U35 | X62: - | Y62: - (N) | Z62: DRC3855 | AA62: B1006 | AB62: 336 | AG62: 125 | AH62: 0 | AI62: 2012 | AJ62: - | AK62: - | AL62: - | AM62: FX31573 | AN62: ET11040 | AO62: 645 | AP62: 77 | AQ62: FX31104 | AR62: ET11040 | AS62: 495 | AT62: 77 | AU62: FH24437 | AV62: ES20425 | AW62: 295 | AX62: 33 | AY62: FX30838 | AZ62: ES20425 | BA62: 285 | BB62: 33 | BC62: ET10151 | BD62: - | BE62: - | BF62: - | BG62: - | BH62: - | BI62: - | BJ62: TREAD | BK62: - | BL62: 33도 벨트 | BN62: 18 | BY62: Ware Ware | CA62: =A62&"&"&G62 -> 5& | CB62: =IFERROR(MID(J62,FIND("R",J62)+1,2),"") | CC62: - | CE62: =IFERROR(VLOOKUP(CA62,시험요청!EV:EZ,5,FALSE),"")
A63: 5 | B63: 5 | C63: RE | D63: 손정훈 | E63: 이준탁 | F63: DP | G63: 2026011995 | H63: JF505 | I63: 1036140 | J63: 320/710R18 | K63: Z237 | L63: 4 | M63: L | N63: B | O63: D | P63: HK | Q63: 21 | R63: 12 | S63: 02/04 수 | T63: RE/DP H103 | U63: Model Dev. | V63: CXF53 X058 | W63: U35 | X63: - | Y63: - (N) | Z63: DRC4171 | AA63: B1006 | AB63: 356 | AC63: S26 | AD63: - | AE63: DN68877 | AF63: B1006 | AG63: 130 | AH63: 0 | AI63: 2068 | AJ63: - | AK63: - | AL63: - | AM63: FX31840 | AN63: ET11040 | AO63: 690 | AP63: 77 | AQ63: FX28044 | AR63: ET11040 | AS63: 525 | AT63: 77 | AU63: FHB0477 | AV63: ES20425 | AW63: 315 | AX63: 36 | AY63: FX31810 | AZ63: ES20425 | BA63: 305 | BB63: 36 | BC63: ET10151 | BD63: - | BE63: - | BF63: - | BG63: - | BH63: - | BI63: - | BJ63: TREAD | BK63: - | BL63: 36도 벨트 | BN63: 18 | BO63: [샘플용] 25126 25462 | BP63: - | BQ63: - | BR63: 48M | BT63: GU28285 | BU63: GW22005 | BV63: DH240 | BW63: 1466 | BX63: X21 케이블 비드 Aramid JLB | BY63: Ware Ware | BZ63: HPW | CA63: =A63&"&"&G63 -> 5&2026011995 | CB63: =IFERROR(MID(J63,FIND("R",J63)+1,2),"") -> 18 | CC63: - | CE63: =IFERROR(VLOOKUP(CA63,시험요청!EV:EZ,5,FALSE),"") -> 0
A64: 5 | Q64: 22 | R64: 12 | V64: CXF53 X064 | W64: U35 | X64: - | Y64: - (N) | Z64: DRC4171 | AA64: B1006 | AB64: 356 | AG64: 130 | AH64: 0 | AI64: 2068 | AJ64: - | AK64: - | AL64: - | AM64: FX31840 | AN64: ET11040 | AO64: 690 | AP64: 77 | AQ64: FX28044 | AR64: ET11040 | AS64: 525 | AT64: 77 | AU64: FHB0477 | AV64: ES20425 | AW64: 315 | AX64: 36 | AY64: FX31810 | AZ64: ES20425 | BA64: 305 | BB64: 36 | BC64: ET10151 | BD64: - | BE64: - | BF64: - | BG64: - | BH64: - | BI64: - | BJ64: TREAD | BK64: - | BL64: 36도 벨트 | BN64: 18 | BX64: Aramid JLB | BY64: Ware Ware | CA64: =A64&"&"&G64 -> 5& | CB64: =IFERROR(MID(J64,FIND("R",J64)+1,2),"") | CC64: Hexa Bead 17~18시 입고 | CE64: =IFERROR(VLOOKUP(CA64,시험요청!EV:EZ,5,FALSE),"")
A65: 5 | Q65: 23 | R65: 12 | V65: CXF53 X065 | W65: U35 | X65: - | Y65: - (N) | Z65: DRC4171 | AA65: B1006 | AB65: 356 | AG65: 130 | AH65: 0 | AI65: 2068 | AJ65: - | AK65: - | AL65: - | AM65: FX31840 | AN65: ET11040 | AO65: 690 | AP65: 77 | AQ65: FX28044 | AR65: ET11040 | AS65: 525 | AT65: 77 | AU65: FHB0477 | AV65: ES20425 | AW65: 315 | AX65: 36 | AY65: FX31810 | AZ65: ES20425 | BA65: 305 | BB65: 36 | BC65: ET10151 | BD65: - | BE65: - | BF65: - | BG65: - | BH65: - | BI65: - | BJ65: TREAD | BK65: - | BL65: 36도 벨트 | BN65: 18 | BY65: Ware Ware | CA65: =A65&"&"&G65 -> 5& | CB65: =IFERROR(MID(J65,FIND("R",J65)+1,2),"") | CC65: Hexa Bead 17~18시 입고 | CE65: =IFERROR(VLOOKUP(CA65,시험요청!EV:EZ,5,FALSE),"")
A66: 5 | B66: 5 | C66: RE | D66: 허유진 | E66: 김영광 | F66: DP | G66: 2026012411 | H66: JF505 | I66: 1035592 | J66: 290/710R18 | K66: F200 | L66: 4 | M66: L | N66: B | O66: L | P66: HK | Q66: 4 | R66: 12 | S66: 02/05 목 | T66: RE/DP H103 | U66: Quality Improvement | V66: N12 | W66: U35 | X66: - | Y66: - (N) | Z66: DR75106 | AA66: 신제작 | AB66: 342 | AC66: S26 | AD66: - | AE66: DN69487 | AF66: 신제작 | AG66: 145 | AH66: 0 | AI66: 2100 | AJ66: - | AK66: - | AL66: - | AM66: FR04003 | AN66: ET11040 | AO66: 720 | AP66: 72 | AQ66: FX31752 | AR66: ET11040 | AS66: 530 | AT66: 72 | AU66: FH24904 | AV66: ES20425 | AW66: 300 | AX66: 33 | AY66: FX30252 | AZ66: ES20425 | BA66: 290 | BB66: 33 | BC66: ET10151 | BD66: - | BE66: - | BF66: - | BG66: - | BH66: - | BI66: - | BJ66: TREAD | BK66: 40 | BL66: 33도 벨트 | BN66: 18 | BO66: [샘플용] 24237 | BP66: - | BQ66: - | BR66: 48M | BT66: GU28285 | BU66: GW22005 | BV66: DH240 | BW66: 1466 | BX66: G/T 상측 전사지 C92D Aramid JLB | BZ66: 혜원 | CA66: =A66&"&"&G66 -> 5&2026012411 | CB66: =IFERROR(MID(J66,FIND("R",J66)+1,2),"") -> 18 | CC66: Sho.폭 오기입 : Spec No. 변경 | CE66: =IFERROR(VLOOKUP(CA66,시험요청!EV:EZ,5,FALSE),"") -> 0
A67: 5 | B67: 5 | C67: RE | D67: 허유진 | E67: 김영광 | F67: DP | G67: 2026012412 | H67: JF505 | I67: 1035592 | J67: 290/710R18 | K67: F200 | L67: 4 | M67: L | N67: B | O67: L | P67: HK | Q67: 5 | R67: 12 | S67: 02/05 목 | T67: RE/DP H103 | U67: Quality Improvement | V67: F85 | W67: U35 | X67: - | Y67: - (N) | Z67: DR75105 | AA67: 신제작 | AB67: 342 | AC67: S26 | AD67: - | AE67: DN69487 | AF67: - | AG67: 145 | AH67: 0 | AI67: 2100 | AJ67: - | AK67: - | AL67: - | AM67: FR04003 | AN67: ET11040 | AO67: 720 | AP67: 72 | AQ67: FX31752 | AR67: ET11040 | AS67: 530 | AT67: 72 | AU67: FH24904 | AV67: ES20425 | AW67: 300 | AX67: 33 | AY67: FX30252 | AZ67: ES20425 | BA67: 290 | BB67: 33 | BC67: ET10151 | BD67: - | BE67: - | BF67: - | BG67: - | BH67: - | BI67: - | BJ67: TREAD | BK67: 40 | BL67: 33도 벨트 | BN67: 18 | BO67: [샘플용] 24237 | BP67: - | BQ67: - | BR67: 48M | BT67: GU28285 | BU67: GW22005 | BV67: DH240 | BW67: 1466 | BX67: G/T 상측 전사지 C55D Aramid JLB | BZ67: 혜원 | CA67: =A67&"&"&G67 -> 5&2026012412 | CB67: =IFERROR(MID(J67,FIND("R",J67)+1,2),"") -> 18 | CC67: Sho.폭 오기입 : Spec No. 변경 F85 재내림 | CE67: =IFERROR(VLOOKUP(CA67,시험요청!EV:EZ,5,FALSE),"") -> 0
A68: 6 | B68: 6 | C68: 설계기술 | D68: 박문철 | E68: 이준탁 | F68: DS | G68: 2026011484 | H68: JF5 P2000D/2 | I68: 1027747 | J68: 235/40ZR18Y XL | K68: H750 | L68: 4 | M68: L | N68: B | O68: - | P68: HK | Q68: 3 | R68: 10 | S68: 02/09 월 | T68: RE/DS H171 | U68: Research | V68: P84 | W68: U36 | X68: S25 | Y68: U35 (C) | Z68: DR73745 | AA68: B1008 | AB68: 246 | AC68: S24 | AD68: B89 | AE68: DN69436 | AF68: B1007 | AG68: 115 | AH68: 550 | AI68: 1870 | AJ68: FY24865 | AK68: 380 | AL68: 345 | AM68: FD24376 | AN68: ET10135 | AO68: 420 | AP68: 90 | AQ68: - | AR68: - | AS68: - | AT68: - | AU68: FHB0044 | AV68: ES20425 | AW68: 215 | AX68: 27 | AY68: FX27266 | AZ68: ES20425 | BA68: 205 | BB68: 27 | BC68: ET11001 | BD68: - | BE68: - | BF68: - | BG68: - | BH68: - | BI68: - | BJ68: SIDE | BK68: - | BL68: P2000D/2 | BN68: 18 | BO68: [정규용] 20B04 20B05 (개조중(미개조)) | BP68: BE50BP | BQ68: CE09V10 | BR68: 45M | BT68: GU26757 | BU68: GW21956 | BV68: DH220 | BW68: 1462 | BY68: Remodel Remodel | BZ68: 대광 | CA68: =A68&"&"&G68 -> 6&2026011484 | CB68: =IFERROR(MID(J68,FIND("R",J68)+1,2),"") -> 18 | CC68: - | CE68: =IFERROR(VLOOKUP(CA68,시험요청!EV:EZ,5,FALSE),"") -> 0
A69: 6 | Q69: 4 | R69: 10 | AB69: 246 | AG69: 115 | AH69: 550 | AI69: 1870 | AJ69: FY24865 | AK69: 380 | AL69: 345 | AM69: FD24376 | AN69: ET10135 | AO69: 420 | AP69: 90 | AQ69: - | AR69: - | AS69: - | AT69: - | AU69: FHB0044 | AV69: ES20425 | AW69: 215 | AX69: 27 | AY69: FX27266 | AZ69: ES20425 | BA69: 205 | BB69: 27 | BC69: ET11001 | BD69: - | BE69: - | BF69: - | BG69: - | BH69: - | BI69: - | BJ69: SIDE | BK69: - | BL69: P2000D/2 | BN69: 18 | BT69: GU28866 | BU69: GW21956 | BV69: DT235 | BW69: 1462 | BY69: Remodel Remodel | CA69: =A69&"&"&G69 -> 6& | CB69: =IFERROR(MID(J69,FIND("R",J69)+1,2),"") | CC69: - | CE69: =IFERROR(VLOOKUP(CA69,시험요청!EV:EZ,5,FALSE),"")
A70: 6 | Q70: 5 | R70: 10 | AB70: 246 | AC70: S24 | AD70: B89 | AE70: DN69495 | AF70: 신제작 | AG70: 115 | AH70: 550 | AI70: 1870 | AJ70: FY24865 | AK70: 380 | AL70: 345 | AM70: FD24376 | AN70: ET10135 | AO70: 420 | AP70: 90 | AQ70: - | AR70: - | AS70: - | AT70: - | AU70: FHB0044 | AV70: ES20425 | AW70: 215 | AX70: 27 | AY70: FX27266 | AZ70: ES20425 | BA70: 205 | BB70: 27 | BC70: ET11001 | BD70: - | BE70: - | BF70: - | BG70: - | BH70: - | BI70: - | BJ70: SIDE | BK70: - | BL70: P2000D/2 | BN70: 18 | BY70: Remodel Remodel | CA70: =A70&"&"&G70 -> 6& | CB70: =IFERROR(MID(J70,FIND("R",J70)+1,2),"") | CC70: - | CE70: =IFERROR(VLOOKUP(CA70,시험요청!EV:EZ,5,FALSE),"")
A71: 6 | B71: 6 | C71: 양산기술 | D71: 박상준 | E71: 이준탁 | F71: DS | G71: 2026012119 | H71: JF505 | I71: 1032586 | J71: 225/40ZR19Y XL | K71: H125 | L71: 4 | M71: L | N71: B | O71: - | P71: HK | Q71: 3 | R71: 20 | S71: 02/09 월 | T71: RE/DS H137 | U71: Quality Improvement | V71: P42 | W71: U36 | X71: S25 | Y71: U35 (C) | Z71: DR74502 | AA71: B1004 | AB71: 244 | AC71: S24 | AD71: B89 | AE71: DN60964 | AF71: B1007 | AG71: 105 | AH71: 528 | AI71: 1925 | AJ71: FY24692 | AK71: 370 | AL71: 335 | AM71: FN00353 | AN71: ET10416 | AO71: 450 | AP71: 90 | AQ71: - | AR71: - | AS71: - | AT71: - | AU71: FHB0005 | AV71: ES10262 | AW71: 210 | AX71: 27 | AY71: FX27880 | AZ71: ES10262 | BA71: 200 | BB71: 27 | BC71: ET11001 | BD71: 60 | BE71: - | BF71: - | BG71: - | BH71: - | BI71: - | BJ71: SIDE | BK71: - | BL71: - | BN71: 19 | BO71: [정규용] 22782 22783 | BP71: BG08BP | BQ71: CE09L11 | BR71: 47M | BT71: GU28182 | BU71: GW22186 | BV71: AT115 | BW71: 1542 | BX71: 담당자 입회 예정 | BY71: Ware Ware | BZ71: 대광 | CA71: =A71&"&"&G71 -> 6&2026012119 | CB71: =IFERROR(MID(J71,FIND("R",J71)+1,2),"") -> 19 | CC71: - | CE71: =IFERROR(VLOOKUP(CA71,시험요청!EV:EZ,5,FALSE),"") -> 0
A72: 6 | Q72: 4 | R72: 20 | AB72: 244 | AG72: 105 | AH72: 528 | AI72: 1925 | AJ72: FY24692 | AK72: 370 | AL72: 335 | AM72: FS00731 | AN72: ET10416 | AO72: 450 | AP72: 90 | AQ72: - | AR72: - | AS72: - | AT72: - | AU72: FHB0005 | AV72: ES10262 | AW72: 210 | AX72: 27 | AY72: FX27880 | AZ72: ES10262 | BA72: 200 | BB72: 27 | BC72: ET11001 | BD72: 60 | BE72: - | BF72: - | BG72: - | BH72: - | BI72: - | BJ72: SIDE | BK72: - | BL72: - | BN72: 19 | BY72: Ware Ware | CA72: =A72&"&"&G72 -> 6& | CB72: =IFERROR(MID(J72,FIND("R",J72)+1,2),"") | CC72: - | CE72: =IFERROR(VLOOKUP(CA72,시험요청!EV:EZ,5,FALSE),"")
A73: 6 | Q73: 5 | R73: 20 | AB73: 244 | AG73: 105 | AH73: 528 | AI73: 1925 | AJ73: FY24692 | AK73: 370 | AL73: 335 | AM73: FS00731 | AN73: ET10416 | AO73: 450 | AP73: 90 | AQ73: - | AR73: - | AS73: - | AT73: - | AU73: FHA0131 | AV73: ES10262 | AW73: 210 | AX73: 27 | AY73: FX27880 | AZ73: ES10262 | BA73: 200 | BB73: 27 | BC73: ET11001 | BD73: 60 | BE73: - | BF73: - | BG73: - | BH73: - | BI73: - | BJ73: SIDE | BK73: - | BL73: - | BN73: 19 | BY73: Ware Ware | CA73: =A73&"&"&G73 -> 6& | CB73: =IFERROR(MID(J73,FIND("R",J73)+1,2),"") | CC73: - | CE73: =IFERROR(VLOOKUP(CA73,시험요청!EV:EZ,5,FALSE),"")
A74: 6 | Q74: 6 | R74: 20 | AB74: 244 | AG74: 105 | AH74: 528 | AI74: 1925 | AJ74: FY24692 | AK74: 370 | AL74: 335 | AM74: FS00632 | AN74: ET10416 | AO74: 450 | AP74: 90 | AQ74: - | AR74: - | AS74: - | AT74: - | AU74: FHB0005 | AV74: ES10262 | AW74: 210 | AX74: 27 | AY74: FX27880 | AZ74: ES10262 | BA74: 200 | BB74: 27 | BC74: ET11001 | BD74: 60 | BE74: - | BF74: - | BG74: - | BH74: - | BI74: - | BJ74: SIDE | BK74: - | BL74: - | BN74: 19 | BY74: Ware Ware | CA74: =A74&"&"&G74 -> 6& | CB74: =IFERROR(MID(J74,FIND("R",J74)+1,2),"") | CC74: - | CE74: =IFERROR(VLOOKUP(CA74,시험요청!EV:EZ,5,FALSE),"")
A75: 6 | B75: 6 | C75: 설계기술 | D75: 박문철 | E75: 김노연 | F75: DS | G75: 2026011479 | H75: JF5 P2000D/2 | I75: 1021683 | J75: 235/45ZR18W XL | K75: H462 | L75: 4 | M75: L | N75: B | O75: - | P75: HK | Q75: 26 | R75: 10 | S75: 02/10 화 | T75: RE/DS H162 | U75: Research | V75: P53 | W75: U36 | X75: S25 | Y75: U35 (C) | Z75: DR72858 | AA75: B1008 | AB75: 254 | AC75: S24 | AD75: B89 | AE75: DN67450 | AF75: B1007 | AG75: 120 | AH75: 590 | AI75: 1935 | AJ75: FY24639 | AK75: 400 | AL75: 365 | AM75: FD24377 | AN75: ET10135 | AO75: 440 | AP75: 90 | AQ75: - | AR75: - | AS75: - | AT75: - | AU75: FHB0103 | AV75: ES20424 | AW75: 215 | AX75: 27 | AY75: FX27689 | AZ75: ES20424 | BA75: 205 | BB75: 27 | BC75: ET10121 | BD75: - | BE75: - | BF75: - | BG75: - | BH75: - | BI75: - | BJ75: SIDE | BK75: - | BL75: P2000D/2 | BN75: 18 | BO75: [정규용] 16642 16643 | BP75: BE38AI | BQ75: CE09Z11 | BR75: 47M | BT75: GU26757 | BU75: GW21956 | BV75: DH220 | BW75: 1462 | BY75: Use Use | BZ75: 신우 | CA75: =A75&"&"&G75 -> 6&2026011479 | CB75: =IFERROR(MID(J75,FIND("R",J75)+1,2),"") -> 18 | CC75: - | CE75: =IFERROR(VLOOKUP(CA75,시험요청!EV:EZ,5,FALSE),"") -> 0
A76: 6 | Q76: 27 | R76: 10 | AB76: 254 | AG76: 120 | AH76: 590 | AI76: 1935 | AJ76: FY24639 | AK76: 400 | AL76: 365 | AM76: FD24377 | AN76: ET10135 | AO76: 440 | AP76: 90 | AQ76: - | AR76: - | AS76: - | AT76: - | AU76: FHB0103 | AV76: ES20424 | AW76: 215 | AX76: 27 | AY76: FX27689 | AZ76: ES20424 | BA76: 205 | BB76: 27 | BC76: ET10121 | BD76: - | BE76: - | BF76: - | BG76: - | BH76: - | BI76: - | BJ76: SIDE | BK76: - | BL76: P2000D/2 | BN76: 18 | BT76: GU28866 | BU76: GW21956 | BV76: DT235 | BW76: 1462 | BY76: Use Use | CA76: =A76&"&"&G76 -> 6& | CB76: =IFERROR(MID(J76,FIND("R",J76)+1,2),"") | CC76: - | CE76: =IFERROR(VLOOKUP(CA76,시험요청!EV:EZ,5,FALSE),"")
A77: 6 | Q77: 28 | R77: 10 | AB77: 254 | AC77: S24 | AD77: B89 | AE77: DN69494 | AF77: 신제작 | AG77: 120 | AH77: 590 | AI77: 1935 | AJ77: FY24639 | AK77: 400 | AL77: 365 | AM77: FD24377 | AN77: ET10135 | AO77: 440 | AP77: 90 | AQ77: - | AR77: - | AS77: - | AT77: - | AU77: FHB0103 | AV77: ES20424 | AW77: 215 | AX77: 27 | AY77: FX27689 | AZ77: ES20424 | BA77: 205 | BB77: 27 | BC77: ET10121 | BD77: - | BE77: - | BF77: - | BG77: - | BH77: - | BI77: - | BJ77: SIDE | BK77: - | BL77: P2000D/2 | BN77: 18 | BY77: Use Use | CA77: =A77&"&"&G77 -> 6& | CB77: =IFERROR(MID(J77,FIND("R",J77)+1,2),"") | CC77: - | CE77: =IFERROR(VLOOKUP(CA77,시험요청!EV:EZ,5,FALSE),"")
A78: 6 | B78: 6 | C78: RE | D78: 유호영 | E78: 김영광 | F78: DM | G78: 2025123010 | H78: JF5 | I78: 2022529 | J78: LT275/65R20 | K78: QA62B | L78: 10 | M78: L | N78: B | O78: - | P78: HK | Q78: 0 | R78: 18 | S78: 02/10 화 | T78: RE/DM H107 | U78: Model Dev. | V78: CXT99 X006 | W78: U73 | X78: S25 | Y78: - (N) | Z78: DRC6283 | AA78: 신제작 | AB78: 280 | AC78: S24 | AD78: B89 | AE78: DN68863 | AF78: B1005 | AG78: 210 | AH78: 932 | AI78: 2470 | AJ78: FY25488 | AK78: 570 | AL78: 535 | AM78: FR03621 | AN78: ET11006 | AO78: 790 | AP78: 90 | AQ78: FX31519 | AR78: ET11006 | AS78: 750 | AT78: 90 | AU78: FH25277 | AV78: ES12003 | AW78: 240 | AX78: 24 | AY78: FH25278 | AZ78: ES12003 | BA78: 225 | BB78: 24 | BC78: ET10121 | BD78: - | BE78: - | BF78: - | BG78: - | BH78: - | BI78: - | BJ78: TREAD | BK78: 40 | BL78: - | BN78: 20 | BO78: [신제품 개발] 25AU8 (신제작중(입고대기중)) | BP78: BG44BP | BQ78: - | BR78: 57M | BT78: GU29428 | BU78: GW22393 | BV78: BZ235 | BW78: 1638 | BX78: UF 측정 H107 C/C Turn-Up 68% | BY78: 신제작중 | BZ78: HPW | CA78: =A78&"&"&G78 -> 6&2025123010 | CB78: =IFERROR(MID(J78,FIND("R",J78)+1,2),"") -> 20 | CC78: - | CE78: =IFERROR(VLOOKUP(CA78,시험요청!EV:EZ,5,FALSE),"") -> 0
A79: 6 | Q79: 1 | R79: 14 | V79: P95 | W79: U73 | X79: S25 | Y79: - (N) | Z79: DR75103 | AA79: 신제작 | AB79: 280 | AG79: 210 | AH79: 932 | AI79: 2470 | AJ79: FY25488 | AK79: 570 | AL79: 535 | AM79: FR03621 | AN79: ET11006 | AO79: 790 | AP79: 90 | AQ79: FX31519 | AR79: ET11006 | AS79: 750 | AT79: 90 | AU79: FH25277 | AV79: ES12003 | AW79: 240 | AX79: 24 | AY79: FH25278 | AZ79: ES12003 | BA79: 225 | BB79: 24 | BC79: ET10121 | BD79: - | BE79: - | BF79: - | BG79: - | BH79: - | BI79: - | BJ79: TREAD | BK79: 40 | BL79: - | BN79: 20 | BY79: 신제작중 | CA79: =A79&"&"&G79 -> 6& | CB79: =IFERROR(MID(J79,FIND("R",J79)+1,2),"") | CC79: - | CE79: =IFERROR(VLOOKUP(CA79,시험요청!EV:EZ,5,FALSE),"")
A80: 6 | B80: 6 | C80: 양산기술 | D80: 윤민용 | E80: 김상훈 | F80: DS | G80: 2026011725 | H80: JF0 | I80: 1035153 | J80: 245/40ZR18Y XL | K80: K137 | L80: 4 | M80: L | N80: B | O80: - | P80: HK | Q80: 2 | R80: 10 | S80: 02/11 수 | T80: RE/DS H171 | U80: Transfer Dev. | V80: P35 | W80: U35 | X80: S25 | Y80: - (C) | Z80: DR75107 | AA80: 신제작 | AB80: 258 | AC80: S24 | AD80: B89 | AE80: DN68261 | AF80: B1007 | AG80: 105 | AH80: 542 | AI80: 1900 | AJ80: FY24868 | AK80: 390 | AL80: 355 | AM80: FS00475 | AN80: ET10203 | AO80: 580 | AP80: 90 | AQ80: - | AR80: - | AS80: - | AT80: - | AU80: FHB0120 | AV80: ES20425 | AW80: 225 | AX80: 27 | AY80: FX27267 | AZ80: ES20425 | BA80: 215 | BB80: 27 | BC80: ET10151 | BD80: 60 | BE80: - | BF80: - | BG80: - | BH80: - | BI80: - | BJ80: STOS | BK80: - | BL80: - | BN80: 18 | BO80: [정규용] 24M03 24M04 | BP80: BE38AI | BQ80: CE09N11 | BR80: 45M | BT80: GU28549 | BU80: GW21956 | BV80: DT115 | BW80: 1462 | BX80: Aramid JLB | BY80: Ware Ware | BZ80: 삼보 | CA80: =A80&"&"&G80 -> 6&2026011725 | CB80: =IFERROR(MID(J80,FIND("R",J80)+1,2),"") -> 18 | CC80: - | CE80: =IFERROR(VLOOKUP(CA80,시험요청!EV:EZ,5,FALSE),"") -> 0
A81: 6 | B81: 6 | C81: RE | D81: 김노연 | E81: 김노연 | F81: DS | G81: 2026012057 | H81: JF505 | I81: 1027946 | J81: 205/55R16V | K81: K135 | L81: 4 | M81: L | N81: B | O81: Q | P81: HK | Q81: 6 | R81: 10 | S81: 02/12 목 | T81: RE/DS H163 | U81: Transfer Dev. | V81: P35 | W81: U35 | X81: S25 | Y81: - (C) | Z81: DR75124 | AA81: 신제작 | AB81: 226 | AC81: S24 | AD81: B89 | AE81: DN69491 | AF81: 신제작 | AG81: 140 | AH81: 628 | AI81: 1840 | AJ81: FY24639 | AK81: 400 | AL81: 365 | AM81: FX26739 | AN81: ET10203 | AO81: 510 | AP81: 90 | AQ81: - | AR81: - | AS81: - | AT81: - | AU81: FH23623 | AV81: ES20425 | AW81: 185 | AX81: 24 | AY81: FX26283 | AZ81: ES20425 | BA81: 175 | BB81: 24 | BC81: ET11001 | BD81: - | BE81: - | BF81: - | BG81: - | BH81: - | BI81: - | BJ81: TREAD | BK81: - | BL81: - | BN81: 16 | BO81: [정규용] 24680 24681 (개조중) | BP81: BD31AI | BQ81: CE09L11 | BT81: GU28651 | BU81: GW54011 | BV81: AB235 | BW81: 1285 | BZ81: 대광 | CA81: =A81&"&"&G81 -> 6&2026012057 | CB81: =IFERROR(MID(J81,FIND("R",J81)+1,2),"") -> 16 | CC81: - | CE81: =IFERROR(VLOOKUP(CA81,시험요청!EV:EZ,5,FALSE),"") -> 0
A82: 6 | B82: 6 | C82: RE | D82: 이한빛 | E82: 김영광 | F82: DS | G82: 2026012697 | H82: JF505 P2000D/2 | I82: 1038542 | J82: 225/50R17V XL | K82: LH43 | L82: 4 | M82: L | N82: B | O82: - | P82: LF | Q82: 0 | R82: 12 | S82: 02/13 금 | T82: RE/DS H145 | U82: Expand | V82: P61 | W82: U36 | X82: S25 | Y82: U35 (C) | Z82: DR75125 | AA82: 신제작 | AB82: 234 | AC82: S24 | AD82: B89 | AE82: DN69476 | AF82: B1007 | AG82: 140 | AH82: 654 | AI82: 1905 | AJ82: FY24820 | AK82: 420 | AL82: 385 | AM82: FX31388 | AN82: ET10135 | AO82: 530 | AP82: 90 | AQ82: - | AR82: - | AS82: - | AT82: - | AU82: FH23632 | AV82: ES20424 | AW82: 195 | AX82: 27 | AY82: FX26553 | AZ82: ES20424 | BA82: 185 | BB82: 27 | BC82: ET10121 | BD82: - | BE82: - | BF82: - | BG82: - | BH82: - | BI82: - | BJ82: TREAD | BK82: - | BL82: P2000D/2 | BN82: 17 | BO82: [정규용] 25FQ8 25FQ9 (신제작중) | BP82: BE38AI | BQ82: - | BR82: 47M | BT82: GU28198 | BU82: GW21957 | BV82: AT225 | BW82: 1383 | BX82: 02/11 몰드 입고 | BY82: Making Making | BZ82: SYT | CA82: =A82&"&"&G82 -> 6&2026012697 | CB82: =IFERROR(MID(J82,FIND("R",J82)+1,2),"") -> 17 | CC82: - | CE82: =IFERROR(VLOOKUP(CA82,시험요청!EV:EZ,5,FALSE),"") -> 0
A83: 7 | B83: 7 | C83: RE | D83: 현재호 | E83: 이준탁 | F83: DS | G83: 2026012213 | H83: JF5 | I83: 1037806 | J83: 315/40R21V XL | K83: W340A | L83: 4 | M83: L | N83: B | O83: - | P83: HK | Q83: 1 | R83: 14 | S83: 02/20 금 | T83: RE/DS H133 | U83: Expand | V83: P42 | W83: U36 | X83: S25 | Y83: U35 (C) | Z83: DR75129 | AA83: 신제작 | AB83: 310 | AC83: S24 | AD83: B89 | AE83: DN69506 | AF83: 신제작 | AG83: 140 | AH83: 744 | AI83: 2300 | AJ83: FY24916 | AK83: 510 | AL83: 475 | AM83: FX26755 | AN83: ET10203 | AO83: 640 | AP83: 90 | AQ83: FD24208 | AR83: ET10203 | AS83: 540 | AT83: 90 | AU83: FHB0502 | AV83: ES10262 | AW83: 275 | AX83: 27 | AY83: FX31325 | AZ83: ES10262 | BA83: 265 | BB83: 27 | BC83: ET10121 | BD83: - | BE83: - | BF83: - | BG83: - | BH83: - | BI83: - | BJ83: SIDE | BK83: - | BL83: - | BN83: 21 | BO83: [정규용] 25U91 25U92 | BP83: BJ20BU | BQ83: CE09L14 | BR83: 51M | BT83: GU29210 | BU83: GW46408 | BV83: AT235 | BW83: 1706 | BY83: Ware Ware | BZ83: 대광 | CA83: =A83&"&"&G83 -> 7&2026012213 | CB83: =IFERROR(MID(J83,FIND("R",J83)+1,2),"") -> 21 | CC83: - | CE83: =IFERROR(VLOOKUP(CA83,시험요청!EV:EZ,5,FALSE),"") -> 0
A84: 8 | B84: 8 | C84: RE | D84: 김도형 | E84: 김노연 | F84: DM | G84: 2026020108 | H84: JF505 | I84: 2022599 | J84: 245/45R20C | K84: RA58C | L84: 12 | M84: L | N84: B | O84: - | P84: HK | Q84: 10 | R84: 12 | S84: 02/23 월 | T84: RE/DM H101 | U84: Expand | V84: P95 | W84: U33 | X84: S25 | Y84: - (N) | Z84: DR74907 | AA84: B1008 | AB84: 254 | AC84: S24 | AD84: B89 | AE84: DN69252 | AF84: B1007 | AG84: 130 | AH84: 610 | AI84: 2090 | AJ84: FY24504 | AK84: 400 | AL84: 365 | AM84: FR03980 | AN84: ET10203 | AO84: 630 | AP84: 90 | AQ84: FX28306 | AR84: ET10203 | AS84: 430 | AT84: 90 | AU84: FH25408 | AV84: ES12003 | AW84: 215 | AX84: 27 | AY84: FH24960 | AZ84: ES12003 | BA84: 205 | BB84: 27 | BC84: ET10121 | BD84: - | BE84: - | BF84: - | BG84: - | BH84: - | BI84: - | BJ84: STOS | BK84: 40 | BL84: - | BN84: 20 | BO84: [연구용] 25U79 | BP84: BG35BU | BQ84: CA04L17 | BR84: 47M | BT84: GU29691 | BU84: GW22189 | BV84: BH225 | BW84: 1626 | BX84: Mold Profile 상이 | BZ84: HPW | CA84: =A84&"&"&G84 -> 8&2026020108 | CB84: =IFERROR(MID(J84,FIND("R",J84)+1,2),"") -> 20 | CC84: - | CE84: =IFERROR(VLOOKUP(CA84,시험요청!EV:EZ,5,FALSE),"") -> 0
A85: 8 | B85: 8 | C85: RE | D85: 김도형 | E85: 김노연 | F85: DM | G85: 2026020117 | H85: JF505 | I85: 2022599 | J85: 245/45R20C | K85: RA58C | L85: 12 | M85: L | N85: B | O85: - | P85: HK | Q85: 11 | R85: 12 | S85: 02/23 월 | T85: RE/DM H101 | U85: Expand | V85: P95 | W85: U33 | X85: S25 | Y85: - (N) | Z85: DR74908 | AA85: B1008 | AB85: 260 | AC85: S24 | AD85: B89 | AE85: DN69255 | AF85: B1007 | AG85: 135 | AH85: 628 | AI85: 2085 | AJ85: FY25673 | AK85: 410 | AL85: 375 | AM85: FR03981 | AN85: ET10203 | AO85: 640 | AP85: 90 | AQ85: FX27744 | AR85: ET10203 | AS85: 440 | AT85: 90 | AU85: FH24959 | AV85: ES12003 | AW85: 220 | AX85: 27 | AY85: FH25411 | AZ85: ES12003 | BA85: 210 | BB85: 27 | BC85: ET10121 | BD85: - | BE85: - | BF85: - | BG85: - | BH85: - | BI85: - | BJ85: STOS | BK85: 40 | BL85: - | BN85: 20 | BO85: [연구용] 25U80 | BP85: BG35BU | BQ85: CA04H16 | BR85: 47M | BT85: GU29691 | BU85: GW22189 | BV85: BH225 | BW85: 1626 | BX85: Mold Profile 상이 | BZ85: HPW | CA85: =A85&"&"&G85 -> 8&2026020117 | CB85: =IFERROR(MID(J85,FIND("R",J85)+1,2),"") -> 20 | CC85: - | CE85: =IFERROR(VLOOKUP(CA85,시험요청!EV:EZ,5,FALSE),"") -> 0
A86: 8 | B86: 8 | C86: RE | D86: 김노연 | E86: 김노연 | F86: DP | G86: 2026013893 | H86: JF0 Mono-Ply | I86: 1027951 | J86: 205/65R15H | K86: LH41 | L86: 4 | M86: L | N86: B | O86: - | P86: LF | Q86: 1 | R86: 12 | S86: 02/24 화 | T86: RE/DP H183 | U86: Transfer Dev. | V86: P50 | W86: U33 | X86: S25 | Y86: - (N) | Z86: DR63783 | AA86: B1008 | AB86: 210 | AC86: S24 | AD86: B89 | AE86: DN68816 | AF86: B1007 | AG86: 150 | AH86: 0 | AI86: 1875 | AJ86: FA29596 | AK86: 400 | AL86: 420 | AM86: FX27546 | AN86: ET10416 | AO86: 550 | AP86: 90 | AQ86: - | AR86: - | AS86: - | AT86: - | AU86: FH23260 | AV86: ES20424 | AW86: 170 | AX86: 24 | AY86: FX25861 | AZ86: ES20424 | BA86: 160 | BB86: 24 | BC86: ET10121 | BD86: - | BE86: - | BF86: - | BG86: - | BH86: - | BI86: - | BJ86: TREAD | BK86: - | BL86: - | BN86: 15 | BO86: [정규용] 23599 23600 | BP86: BD31AI | BQ86: CE09N09 | BR86: 42M | BT86: GU28884 | BU86: GW55007 | BV86: AD225 | BW86: 1204 | BX86: DW 369 : 6본 DW 360 : 6본 (BLW) 현용 BIC 1204 T/D Album Car | BY86: Ware Ware | BZ86: 혜원 | CA86: =A86&"&"&G86 -> 8&2026013893 | CB86: =IFERROR(MID(J86,FIND("R",J86)+1,2),"") -> 15 | CC86: - | CE86: =IFERROR(VLOOKUP(CA86,시험요청!EV:EZ,5,FALSE),"") -> 0
A87: 8 | B87: 8 | C87: RE | D87: 김성현 | E87: 김상훈 | F87: DS | G87: 2026013234 | H87: JF505 P2000D/2 | I87: 1038541 | J87: 235/50R18V | K87: LH43 | L87: 4 | M87: L | N87: B | O87: - | P87: LF | Q87: 0 | R87: 14 | S87: 02/24 화 | T87: RE/DS H162 | U87: Expand | V87: P61 | W87: U36 | X87: S25 | Y87: U35 (C) | Z87: DR75175 | AA87: 신제작 | AB87: 244 | AC87: S24 | AD87: B89 | AE87: DN64861 | AF87: B1007 | AG87: 145 | AH87: 680 | AI87: 2010 | AJ87: FY24517 | AK87: 440 | AL87: 405 | AM87: FX31398 | AN87: ET10135 | AO87: 540 | AP87: 90 | AQ87: - | AR87: - | AS87: - | AT87: - | AU87: FH24572 | AV87: ES20424 | AW87: 210 | AX87: 27 | AY87: FX29002 | AZ87: ES20424 | BA87: 200 | BB87: 27 | BC87: ET10121 | BD87: - | BE87: - | BF87: - | BG87: - | BH87: - | BI87: - | BJ87: TREAD | BK87: - | BL87: P2000D/2 | BN87: 18 | BO87: [정규용] 25FT7 25FT8 (신제작중(입고대기중)) | BP87: BE46AI | BQ87: CE09P11 | BR87: 47M | BT87: GU28436 | BU87: GW21956 | BV87: AT225 | BW87: 1462 | BY87: Making Making | BZ87: SYT | CA87: =A87&"&"&G87 -> 8&2026013234 | CB87: =IFERROR(MID(J87,FIND("R",J87)+1,2),"") -> 18 | CC87: - | CE87: =IFERROR(VLOOKUP(CA87,시험요청!EV:EZ,5,FALSE),"") -> 0
A88: 8 | B88: 8 | C88: 설계기술 | D88: 박문철 | E88: 이준탁 | F88: DS | G88: 2026013659 | H88: JF0 P2000D/2 | I88: 1035212 | J88: 275/35ZR20(Y) XL | K88: K137 | L88: 4 | M88: L | N88: B | O88: - | P88: HK | Q88: 4 | R88: 20 | S88: 02/24 화 | T88: RE/DS H132 | U88: Research | V88: P35 | W88: U35 | X88: S25 | Y88: - (C) | Z88: DR73991 | AA88: B1008 | AB88: 290 | AC88: S24 | AD88: B89 | AE88: DN68572 | AF88: B1007 | AG88: 100 | AH88: 566 | AI88: 2045 | AJ88: FY24869 | AK88: 410 | AL88: 375 | AM88: FX31942 | AN88: ET10135 | AO88: 455 | AP88: 90 | AQ88: - | AR88: - | AS88: - | AT88: - | AU88: FHB0434 | AV88: ES10262 | AW88: 260 | AX88: 30 | AY88: FX28016 | AZ88: ES10262 | BA88: 250 | BB88: 30 | BC88: ET10151 | BD88: - | BE88: - | BF88: - | BG88: - | BH88: - | BI88: - | BJ88: TREAD | BK88: - | BL88: P2000D/2 | BN88: 20 | BO88: [정규용] 24130 24131 | BP88: BG43BP | BQ88: CE09V12 | BR88: 47M | BT88: GU29815 | BU88: GW21729 | BV88: DT230 | BW88: 1622 | BX88: Aramid JLB | BY88: Ware Ware | BZ88: 대광 | CA88: =A88&"&"&G88 -> 8&2026013659 | CB88: =IFERROR(MID(J88,FIND("R",J88)+1,2),"") -> 20 | CC88: - | CE88: =IFERROR(VLOOKUP(CA88,시험요청!EV:EZ,5,FALSE),"") -> 0
A89: 8 | H89: JF0 | Q89: 5 | R89: 20 | AB89: 290 | AG89: 100 | AH89: 566 | AI89: 2045 | AJ89: FY24869 | AK89: 410 | AL89: 375 | AM89: FX27505 | AN89: ET10203 | AO89: 455 | AP89: 90 | AQ89: - | AR89: - | AS89: - | AT89: - | AU89: FHB0434 | AV89: ES10262 | AW89: 260 | AX89: 30 | AY89: FX28016 | AZ89: ES10262 | BA89: 250 | BB89: 30 | BC89: ET10151 | BD89: - | BE89: - | BF89: - | BG89: - | BH89: - | BI89: - | BJ89: TREAD | BK89: - | BL89: P2000D/2 | BN89: 20 | BY89: Ware Ware | CA89: =A89&"&"&G89 -> 8& | CB89: =IFERROR(MID(J89,FIND("R",J89)+1,2),"") | CC89: - | CE89: =IFERROR(VLOOKUP(CA89,시험요청!EV:EZ,5,FALSE),"")
A90: 8 | H90: JF0 P2000D/2 | Q90: 6 | R90: 20 | AB90: 290 | AC90: S24 | AD90: B89 | AE90: DN69524 | AF90: 신제작 | AG90: 100 | AH90: 566 | AI90: 2045 | AJ90: FY24869 | AK90: 410 | AL90: 375 | AM90: FX31942 | AN90: ET10135 | AO90: 455 | AP90: 90 | AQ90: - | AR90: - | AS90: - | AT90: - | AU90: FHB0434 | AV90: ES10262 | AW90: 260 | AX90: 30 | AY90: FX28016 | AZ90: ES10262 | BA90: 250 | BB90: 30 | BC90: ET10151 | BD90: - | BE90: - | BF90: - | BG90: - | BH90: - | BI90: - | BJ90: TREAD | BK90: - | BL90: P2000D/2 | BN90: 20 | BY90: Ware Ware | CA90: =A90&"&"&G90 -> 8& | CB90: =IFERROR(MID(J90,FIND("R",J90)+1,2),"") | CC90: - | CE90: =IFERROR(VLOOKUP(CA90,시험요청!EV:EZ,5,FALSE),"")
A91: 8 | Q91: 7 | R91: 20 | AB91: 290 | AG91: 100 | AH91: 566 | AI91: 2045 | AJ91: FY24869 | AK91: 410 | AL91: 375 | AM91: FX31942 | AN91: ET10135 | AO91: 455 | AP91: 90 | AQ91: - | AR91: - | AS91: - | AT91: - | AU91: FHB0434 | AV91: ES10262 | AW91: 260 | AX91: 30 | AY91: FX28016 | AZ91: ES10262 | BA91: 250 | BB91: 30 | BC91: ET10151 | BD91: - | BE91: - | BF91: - | BG91: - | BH91: - | BI91: - | BJ91: TREAD | BK91: - | BL91: P2000D/2 | BN91: 20 | BT91: GU29477 | BU91: GW21729 | BV91: DH220 | BW91: 1622 | BY91: Ware Ware | CA91: =A91&"&"&G91 -> 8& | CB91: =IFERROR(MID(J91,FIND("R",J91)+1,2),"") | CC91: - | CE91: =IFERROR(VLOOKUP(CA91,시험요청!EV:EZ,5,FALSE),"")
A92: 8 | B92: 8 | C92: 설계기술 | D92: 박문철 | E92: 이준탁 | F92: DS | G92: 2026013660 | H92: JF0 P2000D/2 | I92: 1035212 | J92: 275/35ZR20(Y) XL | K92: K137 | L92: 4 | M92: L | N92: B | O92: - | P92: HK | Q92: 8 | R92: 10 | S92: 02/25 수 | T92: RE/DS H132 | U92: Research | V92: P35 | W92: U35 | X92: S25 | Y92: - (C) | Z92: DR73991 | AA92: B1008 | AB92: 290 | AC92: S24 | AD92: B89 | AE92: DN68572 | AF92: B1007 | AG92: 100 | AH92: 566 | AI92: 2045 | AJ92: FY24869 | AK92: 410 | AL92: 375 | AM92: FX31937 | AN92: ET10135 | AO92: 445 | AP92: 90 | AQ92: - | AR92: - | AS92: - | AT92: - | AU92: FHB0434 | AV92: ES10262 | AW92: 260 | AX92: 30 | AY92: FX28016 | AZ92: ES10262 | BA92: 250 | BB92: 30 | BC92: ET10151 | BD92: - | BE92: - | BF92: - | BG92: - | BH92: - | BI92: - | BJ92: TREAD | BK92: - | BL92: P2000D/2 | BN92: 20 | BO92: [정규용] 24130 24131 | BP92: BG43BP | BQ92: CE09V12 | BR92: 47M | BT92: GU29477 | BU92: GW21729 | BV92: DH220 | BW92: 1622 | BX92: Aramid JLB | BY92: Ware Ware | BZ92: 대광 | CA92: =A92&"&"&G92 -> 8&2026013660 | CB92: =IFERROR(MID(J92,FIND("R",J92)+1,2),"") -> 20 | CC92: - | CE92: =IFERROR(VLOOKUP(CA92,시험요청!EV:EZ,5,FALSE),"") -> 0
A93: 8 | Q93: 9 | R93: 10 | AB93: 290 | AG93: 100 | AH93: 566 | AI93: 2045 | AJ93: FY24869 | AK93: 410 | AL93: 375 | AM93: FX31937 | AN93: ET10135 | AO93: 445 | AP93: 90 | AQ93: - | AR93: - | AS93: - | AT93: - | AU93: FHB0434 | AV93: ES10262 | AW93: 260 | AX93: 30 | AY93: FX28016 | AZ93: ES10262 | BA93: 250 | BB93: 30 | BC93: ET10151 | BD93: - | BE93: - | BF93: - | BG93: - | BH93: - | BI93: - | BJ93: TREAD | BK93: - | BL93: P2000D/2 | BN93: 20 | BT93: GU29815 | BU93: GW21729 | BV93: DT230 | BW93: 1622 | BY93: Ware Ware | CA93: =A93&"&"&G93 -> 8& | CB93: =IFERROR(MID(J93,FIND("R",J93)+1,2),"") | CC93: - | CE93: =IFERROR(VLOOKUP(CA93,시험요청!EV:EZ,5,FALSE),"")
A94: 8 | Q94: 10 | R94: 10 | AB94: 290 | AG94: 100 | AH94: 566 | AI94: 2045 | AJ94: FY24869 | AK94: 410 | AL94: 375 | AM94: FX31938 | AN94: ET10135 | AO94: 465 | AP94: 90 | AQ94: - | AR94: - | AS94: - | AT94: - | AU94: FHB0434 | AV94: ES10262 | AW94: 260 | AX94: 30 | AY94: FX28016 | AZ94: ES10262 | BA94: 250 | BB94: 30 | BC94: ET10151 | BD94: - | BE94: - | BF94: - | BG94: - | BH94: - | BI94: - | BJ94: TREAD | BK94: - | BL94: P2000D/2 | BN94: 20 | BT94: GU29477 | BU94: GW21729 | BV94: DH220 | BW94: 1622 | BY94: Ware Ware | CA94: =A94&"&"&G94 -> 8& | CB94: =IFERROR(MID(J94,FIND("R",J94)+1,2),"") | CC94: - | CE94: =IFERROR(VLOOKUP(CA94,시험요청!EV:EZ,5,FALSE),"")
A95: 8 | Q95: 11 | R95: 10 | AB95: 290 | AG95: 100 | AH95: 566 | AI95: 2045 | AJ95: FY24869 | AK95: 410 | AL95: 375 | AM95: FX31938 | AN95: ET10135 | AO95: 465 | AP95: 90 | AQ95: - | AR95: - | AS95: - | AT95: - | AU95: FHB0434 | AV95: ES10262 | AW95: 260 | AX95: 30 | AY95: FX28016 | AZ95: ES10262 | BA95: 250 | BB95: 30 | BC95: ET10151 | BD95: - | BE95: - | BF95: - | BG95: - | BH95: - | BI95: - | BJ95: TREAD | BK95: - | BL95: P2000D/2 | BN95: 20 | BT95: GU29815 | BU95: GW21729 | BV95: DT230 | BW95: 1622 | BY95: Ware Ware | CA95: =A95&"&"&G95 -> 8& | CB95: =IFERROR(MID(J95,FIND("R",J95)+1,2),"") | CC95: - | CE95: =IFERROR(VLOOKUP(CA95,시험요청!EV:EZ,5,FALSE),"")
A96: 8 | B96: 8 | C96: 양산기술 | D96: 임서윤 | E96: 김노연 | F96: DM | G96: 2026020774 | H96: JF505 | I96: 1022658 | J96: 245/50R20V | K96: H452 | L96: 4 | M96: L | N96: B | O96: H | P96: HK | Q96: 1 | R96: 10 | S96: 02/25 수 | T96: RE/DM H101 | U96: Transfer Dev. | V96: P53 | W96: U36 | X96: S25 | Y96: U35 (C) | Z96: DR75074 | AA96: B1004 | AB96: 256 | AC96: S24 | AD96: B89 | AE96: DN69528 | AF96: 신제작 | AG96: 145 | AH96: 696 | AI96: 2185 | AJ96: FY24792 | AK96: 450 | AL96: 415 | AM96: FX23798 | AN96: ET20271 | AO96: 590 | AP96: 90 | AQ96: FN00442 | AR96: ET20271 | AS96: 480 | AT96: 90 | AU96: FH23228 | AV96: ES10262 | AW96: 220 | AX96: 27 | AY96: FX27894 | AZ96: ES10262 | BA96: 210 | BB96: 27 | BC96: ET11001 | BD96: 60 | BE96: - | BF96: - | BG96: - | BH96: - | BI96: - | BJ96: SIDE | BK96: - | BL96: - | BN96: 20 | BO96: [정규용] 19N15 19N16 19N18 22965 (금산공장) | BP96: BG05BP | BQ96: CE01N12 | BR96: 48L | BT96: GU29455 | BU96: GW22189 | BV96: DT235 | BW96: 1626 | BZ96: 신우 | CA96: =A96&"&"&G96 -> 8&2026020774 | CB96: =IFERROR(MID(J96,FIND("R",J96)+1,2),"") -> 20 | CC96: - | CE96: =IFERROR(VLOOKUP(CA96,시험요청!EV:EZ,5,FALSE),"") -> 0
A97: 8 | B97: 8 | C97: RE | D97: 문윤환 | E97: 김노연 | F97: DS | G97: 2026012992 | H97: JF5 SRFM P2000D/2 | I97: 2021195 | J97: 225/75R16C | K97: RA30 | L97: 10 | M97: L | N97: B | O97: - | P97: HK | Q97: 15 | R97: 16 | S97: X | T97: RE/DS H173 | U97: Model Dev. | V97: CXT96 X053 | W97: U36 | X97: S25 | Y97: U35 (F) | Z97: DRC6482 | AA97: 신제작 | AB97: 234 | AC97: S24 | AD97: B89 | AE97: DN69484 | AF97: B1005 | AG97: 195 | AH97: 834 | AI97: 2130 | AJ97: FY24716 | AK97: 500 | AL97: 465 | AM97: FR03957 | AN97: ET10135 | AO97: 690 | AP97: 90 | AQ97: FX31891 | AR97: ET10135 | AS97: 530 | AT97: - | AU97: FH25413 | AV97: ES12003 | AW97: 190 | AX97: 20 | AY97: FH24749 | AZ97: ES12003 | BA97: 175 | BB97: 20 | BC97: ET11001 | BD97: - | BE97: FX28067 | BF97: 40 | BG97: 24 | BH97: - | BI97: - | BJ97: TREAD | BK97: 40 | BL97: P2000D/2 SRFM | BN97: 16 | BO97: [정규용] 25V90 25V91 | BP97: BD48AI | BQ97: 50KFH21 | BR97: 47M | BT97: GU29748 GS/40/24 GS01378 | BU97: GW22137 | BV97: BT260 | BW97: 1289 | BX97: 150도 저온가류 | BY97: Use Use | BZ97: HPW | CA97: =A97&"&"&G97 -> 8&2026012992 | CB97: =IFERROR(MID(J97,FIND("R",J97)+1,2),"") -> 16 | CC97: 성형 Grouping (PA) | CE97: =IFERROR(VLOOKUP(CA97,시험요청!EV:EZ,5,FALSE),"") -> 0
A98: 8 | B98: 8 | C98: RE | D98: 윤영기 | E98: 이준탁 | F98: DM | G98: 2026011478 | H98: JF5 | I98: 2022548 | J98: LT275/65R18 | K98: LC02 | L98: 10 | M98: L | N98: B | O98: - | P98: LF | Q98: 3 | R98: 16 | S98: 02/26 목 | T98: RE/DM H107 | U98: Quality Improvement | V98: P95 | W98: U73 | X98: S25 | Y98: - (N) | Z98: DR75098 | AA98: 신제작 | AB98: 276 | AC98: S24 | AD98: B89 | AE98: DN69144 | AF98: B1005 | AG98: 215 | AH98: 936 | AI98: 2335.0 | AJ98: FY25559 | AK98: 560 | AL98: 525 | AM98: FR03932 | AN98: ET11006 | AO98: 780 | AP98: 90 | AQ98: FX31506 | AR98: ET11006 | AS98: 740 | AT98: 90 | AU98: FH25362 | AV98: ES12003 | AW98: 230 | AX98: 24 | AY98: FH25363 | AZ98: ES12003 | BA98: 215 | BB98: 24 | BC98: ET10121 | BD98: - | BE98: - | BF98: - | BG98: - | BH98: DN56899 | BI98: CQB86 | BJ98: TREAD | BK98: 40 | BL98: - | BN98: 18 | BO98: [정규용] 24CA2 24CA3 | BP98: BE58BU | BQ98: CE50T27 | BR98: 51M | BT98: GU29560 | BU98: GW22201 | BV98: BU118 | BW98: 1479 | BY98: Ware Ware | BZ98: 대광 | CA98: =A98&"&"&G98 -> 8&2026011478 | CB98: =IFERROR(MID(J98,FIND("R",J98)+1,2),"") -> 18 | CC98: - | CE98: =IFERROR(VLOOKUP(CA98,시험요청!EV:EZ,5,FALSE),"") -> 0
A99: 8 | B99: 8 | C99: RE | D99: 강민석 | E99: 김노연 | F99: DS | G99: 2026013458 | H99: JF5 | I99: 2022648 | J99: 235/65R16C | K99: QL50B | L99: 8 | M99: L | N99: B | O99: - | P99: HK | Q99: 7 | R99: 20 | S99: 02/27 금 | T99: RE/DS H161 | U99: Model Dev. | V99: CXP71 X070 | W99: U36 | X99: S25 | Y99: - (N) | Z99: DRC6370 | AA99: 신제작 | AB99: 234 | AC99: S24 | AD99: B98 | AE99: DN69509 | AF99: 신제작 | AG99: 175 | AH99: 792 | AI99: 2045 | AJ99: FY25549 | AK99: 490 | AL99: 455 | AM99: FR03855 | AN99: ET10203 | AO99: 670 | AP99: 90 | AQ99: FX26716 | AR99: ET10203 | AS99: 520 | AT99: 90 | AU99: FHB0171 | AV99: ES20427 | AW99: 200 | AX99: 24 | AY99: FH23870 | AZ99: ES20427 | BA99: 185 | BB99: 24 | BC99: ET11001 | BD99: - | BE99: - | BF99: - | BG99: - | BH99: - | BI99: - | BJ99: TREAD | BK99: 40 | BL99: - | BN99: 16 | BO99: [신제품 개발] 25X04 | BP99: BD56BU | BQ99: CE09W14 | BR99: 47M | BT99: GU29801 | BU99: GW66006 | BV99: BD350 | BW99: 1289 | BZ99: SYT | CA99: =A99&"&"&G99 -> 8&2026013458 | CB99: =IFERROR(MID(J99,FIND("R",J99)+1,2),"") -> 16 | CC99: - | CE99: =IFERROR(VLOOKUP(CA99,시험요청!EV:EZ,5,FALSE),"") -> 0
A100: 8 | Q100: 8 | R100: 20 | V100: CXT96 X053 | W100: U36 | X100: S25 | Y100: - (N) | Z100: DRC6371 | AA100: 신제작 | AB100: 234 | AG100: 175 | AH100: 792 | AI100: 2045 | AJ100: FY25549 | AK100: 490 | AL100: 455 | AM100: FR03855 | AN100: ET10203 | AO100: 670 | AP100: 90 | AQ100: FX26716 | AR100: ET10203 | AS100: 520 | AT100: 90 | AU100: FHB0171 | AV100: ES20427 | AW100: 200 | AX100: 24 | AY100: FH23870 | AZ100: ES20427 | BA100: 185 | BB100: 24 | BC100: ET11001 | BD100: - | BE100: - | BF100: - | BG100: - | BH100: - | BI100: - | BJ100: TREAD | BK100: 40 | BL100: - | BN100: 16 | CA100: =A100&"&"&G100 -> 8& | CB100: =IFERROR(MID(J100,FIND("R",J100)+1,2),"") | CC100: - | CE100: =IFERROR(VLOOKUP(CA100,시험요청!EV:EZ,5,FALSE),"")
A101: 8 | B101: 8 | C101: RE | D101: 유호영 | E101: 김상훈 | F101: DM | G101: 2026021107 | H101: JF5 | I101: 1037238 | J101: 275/55R20T XL | K101: QA62B | L101: 4 | M101: L | N101: B | O101: - | P101: HK | Q101: 4 | R101: 24 | S101: 02/27 금 | T101: RE/DM H101 | U101: Model Dev. | V101: CXP71 X070 | W101: U33 | X101: S25 | Y101: - (C) | Z101: DRC6478 | AA101: 신제작 | AB101: 286 | AC101: S24 | AD101: B89 | AE101: DN69539 | AF101: 신제작 | AG101: 170 | AH101: 824 | AI101: 2345 | AJ101: FY24970 | AK101: 530 | AL101: 495 | AM101: FR03996 | AN101: ET10203 | AO101: 670 | AP101: 90 | AQ101: FD24358 | AR101: ET10203 | AS101: 570 | AT101: 90 | AU101: FHB0330 | AV101: ES10262 | AW101: 245 | AX101: 24 | AY101: FX27896 | AZ101: ES10262 | BA101: 235 | BB101: 24 | BC101: ET10121 | BD101: - | BE101: - | BF101: - | BG101: - | BH101: - | BI101: - | BJ101: SIDE | BK101: 40 | BL101: - | BN101: 20 | BO101: [신제품 개발] 25Z02 (수리중) | BP101: BG18AN | BQ101: CE09X13 | BR101: 51M | BT101: GU29799 | BU101: GW22189 | BV101: BT235 | BW101: 1626 | BX101: U/F 측정 (미국 외부기관 평가 예정) | BY101: 수리중 | BZ101: HPW | CA101: =A101&"&"&G101 -> 8&2026021107 | CB101: =IFERROR(MID(J101,FIND("R",J101)+1,2),"") -> 20 | CC101: - | CE101: =IFERROR(VLOOKUP(CA101,시험요청!EV:EZ,5,FALSE),"") -> 0
A102: 8 | Q102: 5 | R102: 12 | AB102: 286 | AG102: 170 | AH102: 824 | AI102: 2345 | AJ102: FY24970 | AK102: 530 | AL102: 495 | AM102: FR03996 | AN102: ET10203 | AO102: 670 | AP102: 90 | AQ102: FD24358 | AR102: ET10203 | AS102: 570 | AT102: 90 | AU102: FHB0279 | AV102: ES10262 | AW102: 245 | AX102: 27 | AY102: FX27926 | AZ102: ES10262 | BA102: 235 | BB102: 27 | BC102: ET10121 | BD102: - | BE102: - | BF102: - | BG102: - | BH102: - | BI102: - | BJ102: SIDE | BK102: 40 | BL102: - | BN102: 20 | BY102: 수리중 | CA102: =A102&"&"&G102 -> 8& | CB102: =IFERROR(MID(J102,FIND("R",J102)+1,2),"") | CC102: - | CE102: =IFERROR(VLOOKUP(CA102,시험요청!EV:EZ,5,FALSE),"")
...

Sheet 양시
B1: DOT | C1: 1 | D1: 2 | E1: 3 | F1: 4 | G1: 5 | H1: 6 | I1: 7 | J1: 8 | K1: 9 | L1: 10 | M1: 11 | N1: 12 | O1: 13 | P1: 14 | Q1: 15 | R1: 16 | S1: 17 | T1: 18 | U1: 19 | V1: 20 | W1: 21 | X1: 22 | Y1: 23 | Z1: 24 | AA1: 25 | AB1: 26 | AC1: 27 | AD1: 28 | AE1: 29 | AF1: 30 | AG1: 31 | AH1: 32 | AI1: 33 | AJ1: 34 | AK1: 35 | AL1: 36 | AM1: 37 | AN1: 38 | AO1: 39 | AP1: 40 | AQ1: 41 | AR1: 42 | AS1: 43 | AT1: 44 | AU1: 45 | AV1: 46 | AW1: 47 | AX1: 48 | AY1: 49 | AZ1: 50 | BA1: 51 | BB1: 52 | CA1: Total | CB1: =COUNTA(CG:CG)-1 -> 131
B2: T/D 신제작 | C2: =COUNTIFS($A:$A,C$1,$Z:$Z,"신제작") -> 5 | D2: =COUNTIFS($A:$A,D$1,$Z:$Z,"신제작") -> 0 | E2: =COUNTIFS($A:$A,E$1,$Z:$Z,"신제작") -> 3 | F2: =COUNTIFS($A:$A,F$1,$Z:$Z,"신제작") -> 3 | G2: =COUNTIFS($A:$A,G$1,$Z:$Z,"신제작") -> 3 | H2: =COUNTIFS($A:$A,H$1,$Z:$Z,"신제작") -> 2 | I2: =COUNTIFS($A:$A,I$1,$Z:$Z,"신제작") -> 2 | J2: =COUNTIFS($A:$A,J$1,$Z:$Z,"신제작") -> 4 | ... BB2: =COUNTIFS($A:$A,BB$1,$Z:$Z,"신제작") -> 0 | CA2: OK | CB2: =COUNTIF(CH:CH,CA2) -> 78 | CC2: 재양시 | CD2: 재재양시 | CE2: 재재재양시 | CF2: 재양시율
B3: S/W 신제작 | C3: =COUNTIFS($A:$A,C$1,$AE:$AE,"신제작") -> 7 | D3: =COUNTIFS($A:$A,D$1,$AE:$AE,"신제작") -> 0 | E3: =COUNTIFS($A:$A,E$1,$AE:$AE,"신제작") -> 2 | F3: =COUNTIFS($A:$A,F$1,$AE:$AE,"신제작") -> 5 | G3: =COUNTIFS($A:$A,G$1,$AE:$AE,"신제작") -> 7 | H3: =COUNTIFS($A:$A,H$1,$AE:$AE,"신제작") -> 4 | I3: =COUNTIFS($A:$A,I$1,$AE:$AE,"신제작") -> 2 | J3: =COUNTIFS($A:$A,J$1,$AE:$AE,"신제작") -> 6 | ... BB3: =COUNTIFS($A:$A,BB$1,$AE:$AE,"신제작") -> 0 | CA3: Re_Mass | CB3: =COUNTIF(CH:CH,CA3) -> 18 | CC3: =COUNTIFS(Status_0526!BM:BM,"=1",Status_0526!BK:BK,"Re_Mass") -> 4 | CD3: =COUNTIFS(Status_0526!BM:BM,"=2")/2 -> 9 | CE3: =COUNTIFS(Status_0526!BM:BM,"=3")/3 -> 0 | CF3: =(CC3+CD3+CE3)/CB1 -> 0.099236641
B4: 양시 취소 | C4: =COUNTIFS($A:$A,C$1,$R:$R,"X") -> 1 | D4: =COUNTIFS($A:$A,D$1,$R:$R,"X") -> 0 | E4: =COUNTIFS($A:$A,E$1,$R:$R,"X") -> 0 | F4: =COUNTIFS($A:$A,F$1,$R:$R,"X") -> 1 | G4: =COUNTIFS($A:$A,G$1,$R:$R,"X") -> 1 | H4: =COUNTIFS($A:$A,H$1,$R:$R,"X") -> 1 | I4: =COUNTIFS($A:$A,I$1,$R:$R,"X") -> 0 | J4: =COUNTIFS($A:$A,J$1,$R:$R,"X") -> 1 | ... BB4: =COUNTIFS($A:$A,BB$1,$R:$R,"X") -> 0 | CA4: Delay | CB4: =COUNTIF(CH:CH,CA4) -> 0
CA5: On Going | CB5: =COUNTIF(CH:CH,CA5) -> 14
B6: Spec. EA | C6: =COUNTIFS($A:$A,C$1) -> 12 | D6: =COUNTIFS($A:$A,D$1) -> 0 | E6: =COUNTIFS($A:$A,E$1) -> 7 | F6: =COUNTIFS($A:$A,F$1) -> 7 | G6: =COUNTIFS($A:$A,G$1) -> 9 | H6: =COUNTIFS($A:$A,H$1) -> 8 | I6: =COUNTIFS($A:$A,I$1) -> 3 | J6: =COUNTIFS($A:$A,J$1) -> 9 | ... BB6: =COUNTIFS($A:$A,BB$1) -> 0 | CA6: ~ing (Report 등록) | CB6: =COUNTIFS(A:A,">0",CH:CH,"")-COUNTIFS(A:A,">0",CG:CG,"") -> 21
B7: Tire EA | C7: =SUMIFS($CD:$CD,$A:$A,C$1) -> 1222 | D7: =SUMIFS($CD:$CD,$A:$A,D$1) -> 0 | E7: =SUMIFS($CD:$CD,$A:$A,E$1) -> 828 | F7: =SUMIFS($CD:$CD,$A:$A,F$1) -> 862 | G7: =SUMIFS($CD:$CD,$A:$A,G$1) -> 793 | H7: =SUMIFS($CD:$CD,$A:$A,H$1) -> 822 | I7: =SUMIFS($CD:$CD,$A:$A,I$1) -> 225 | J7: =SUMIFS($CD:$CD,$A:$A,J$1) -> 1079 | ... BB7: =SUMIFS($CD:$CD,$A:$A,BB$1) -> 0
A9: DOT | B9: 담당 | C9: R&D | D9: PI | E9: LINE | F9: ECN No. | G9: 제조 특이 사항 | H9: Product | I9: Size | J9: Pattern | K9: PR | L9: T/L | M9: B/W | N9: USE | O9: BR | P9: Spec No. | Q9: EA. | R9: Plan | S9: 성형기 (OE/RE) | T9: ECN Purpose | U9: T/D CTB | V9: T/D SUT | W9: T/D TRW | X9: T/D Chimney | Y9: T/D Die No | Z9: T/D New/Exist | AA9: T/D Total Width | AB9: S/W BSW | AC9: S/W RIC | AD9: S/W Die No | AE9: S/W New/Exist | AF9: S/W Width | AG9: PA | AH9: Belt Drum Circumference | AI9: I/L#1 Code | AJ9: I/L#1 Width | AK9: I/L#2 Width | AL9: C/C#1 Code | AM9: C/C#1 Rolled | AN9: C/C#1 Width | AO9: C/C#1 Angle | AP9: C/C#2 Code | AQ9: C/C#2 Rolled | AR9: C/C#2 Width | AS9: C/C#2 Angle | AT9: BT#1 Code | AU9: BT#1 Rolled | AV9: BT#1 Width | AW9: BT#1 Angle | AX9: BT#2 Code | AY9: BT#2 Rolled | AZ9: BT#2 Width | BA9: BT#2 Angle | BB9: JLB Rolled | BC9: Side Filling Tape Width | BD9: SRFM Code | BE9: SRFM Width | BF9: SRFM Angle | BG9: Bead Filler Tape Code | BH9: Bead Filler Tape Comp'd | BI9: Over | BJ9: Rim Cushion Sheet Width | BK9: Special Material | BL9: 비고1 | BM9: Inch | BN9: Mold No. | BO9: Bladder Code | BP9: Curing Time(Old) | BQ9: CTR | BR9: 비드 OE | BS9: Bead Code | BT9: Bead Bundle | BU9: Bead Filler | BV9: Bead BIC | BW9: Special Notice | BX9: Mold Ware Status | BY9: 업체 | BZ9: 반영 정보 | CA9: 수량 정보 | CB9: 성형기 정보 | CC9: 성형기 | CD9: 성형 수량 | CE9: INCH | CF9: ISSUE | CG9: 양시 결과 | CH9: OK/Re_Mass/Wait | CJ9: Die 기제작 or 수정
A10: 1 | B10: RE | C10: 김현기 | D10: 김상훈 | E10: DP | F10: 2025120768 | G10: JF505 SRFM 1x2 B/T | H10: 1038776 | I10: 170/650R15 RD | J10: R213M | K10: 4 | L10: L | M10: B | N10: M | O10: HL | P10: T00 | Q10: 60 | R10: 01/05 월 | S10: RE/DP H115 | T10: Expand | U10: F25 | V10: U35 | W10: - | X10: - (N) | Y10: DR69412 | Z10: B1006 | AA10: 220 | AB10: S26 | AC10: - | AD10: DN68409 | AE10: B1006 | AF10: 155 | AG10: 0 | AH10: 1853 | AI10: FQ00889 | AJ10: 420 | AK10: 140 | AL10: FX31304 | AM10: ET11040 | AN10: 560 | AO10: 77 | AP10: FX30608 | AQ10: ET11040 | AR10: 460 | AS10: 77 | AT10: FX27039 | AU10: ES20425 | AV10: 175 | AW10: 30 | AX10: FX27115 | AY10: ES20425 | AZ10: 165 | BA10: 30 | BB10: ET11001 | BC10: - | BD10: FX30777 | BE10: 60 | BF10: 24 | BG10: - | BH10: - | BI10: TREAD | BJ10: - | BK10: SRFM SRFM 1x2 BELT | BM10: 15 | BN10: [정규용] 20R48 | BO10: BD29BP | BP10: - | BQ10: 42M | BS10: GU29772 GS/60/24 GS01387 | BT10: GW22429 | BU10: DT240 | BV10: 1208 | BW10: SRFM Width 60mm [HEW)OP Inform] SRFM (1X2) B/T | BY10: 혜원 | BZ10: =A10&LEFT(H10,7)&P10 -> 11038776T00 | CA10: =A10&LEFT(H10,7) -> 11038776 | CB10: ="2026-"&LEFT(R10,2)&"-"&MID(R10,4,2)&"T"&LEFT(H10,7) -> 2026-01-05T1038776 | CC10: =IFERROR(VLOOKUP(CB10,'양시 실적'!A:I,4,FALSE),"") -> H115C | CD10: =IFERROR(SUMIFS('양시 실적'!I:I,'양시 실적'!B:B,양시!CA10),"") -> 111 | CE10: =IF(CD10<>0,IFERROR(MID(I10,FIND("R",I10)+1,2),""),"") -> 15 | CF10: - | CG10: ="KT"&LEFT(H10,7)&"T000"&RIGHT(P10,2) -> KT1038776T00000 | CH10: =IFERROR(VLOOKUP(CG10,Status_0526!F:BK,58,FALSE),"") -> OK | CJ10: =IFERROR(VLOOKUP(BZ10,양시요청!EV:EZ,5,FALSE),"") -> 0
A11: 1 | B11: RE | C11: 김현기 | D11: 김상훈 | E11: DP | F11: 2025120769 | G11: JF505 SRFM 1x2 B/T | H11: 1038777 | I11: 170/650R15 RD | J11: R213M | K11: 4 | L11: L | M11: B | N11: M | O11: HR | P11: T00 | Q11: 60 | R11: 01/05 월 | S11: RE/DP H115 | T11: Expand | U11: F25 | V11: U35 | W11: - | X11: - (N) | Y11: DR69412 | Z11: B1006 | AA11: 220 | AB11: S26 | AC11: - | AD11: DN68409 | AE11: B1006 | AF11: 155 | AG11: 0 | AH11: 1853 | AI11: FQ00889 | AJ11: 420 | AK11: 140 | AL11: FX31304 | AM11: ET11040 | AN11: 560 | AO11: 77 | AP11: FX30608 | AQ11: ET11040 | AR11: 460 | AS11: 77 | AT11: FX27039 | AU11: ES20425 | AV11: 175 | AW11: 30 | AX11: FX27115 | AY11: ES20425 | AZ11: 165 | BA11: 30 | BB11: ET11001 | BC11: - | BD11: FX30777 | BE11: 60 | BF11: 24 | BG11: - | BH11: - | BI11: TREAD | BJ11: - | BK11: SRFM SRFM 1x2 BELT | BM11: 15 | BN11: [정규용] 20R49 | BO11: BD29BP | BP11: - | BQ11: 42M | BS11: GU29772 GS/60/24 GS01387 | BT11: GW22429 | BU11: DT240 | BV11: 1208 | BW11: SRFM Width 60mm [HEW)OP Inform] SRFM (1X2) B/T | BY11: 혜원 | BZ11: =A11&LEFT(H11,7)&P11 -> 11038777T00 | CA11: =A11&LEFT(H11,7) -> 11038777 | CB11: ="2026-"&LEFT(R11,2)&"-"&MID(R11,4,2)&"T"&LEFT(H11,7) -> 2026-01-05T1038777 | CC11: =IFERROR(VLOOKUP(CB11,'양시 실적'!A:I,4,FALSE),"") | CD11: =IFERROR(SUMIFS('양시 실적'!I:I,'양시 실적'!B:B,양시!CA11),"") -> 0 | CE11: =IF(CD11<>0,IFERROR(MID(I11,FIND("R",I11)+1,2),""),"") | CF11: - | CG11: ="KT"&LEFT(H11,7)&"T000"&RIGHT(P11,2) -> KT1038777T00000 | CH11: =IFERROR(VLOOKUP(CG11,Status_0526!F:BK,58,FALSE),"") | CJ11: =IFERROR(VLOOKUP(BZ11,양시요청!EV:EZ,5,FALSE),"") -> 0
A12: 1 | B12: RE | C12: 이수현 | D12: 김노연 | E12: DS | F12: 2025093156 | G12: JF5 | H12: 1037807 | I12: 265/45R21W XL | J12: W340A | K12: 4 | L12: L | M12: B | N12: - | O12: HK | P12: T00 | Q12: 60 (200) | R12: 01/05 월 | S12: RE/DS H133 | T12: Expand | U12: P42 | V12: U36 | W12: S25 | X12: U35 (C) | Y12: DR74957 | Z12: B1004 | AA12: 266 | AB12: S24 | AC12: B89 | AD12: DN69441 | AE12: 신제작 | AF12: 135 | AG12: 658 | AH12: 2270 | AI12: FY24792 | AJ12: 450 | AK12: 415 | AL12: FX29300 | AM12: ET10416 | AN12: 560 | AO12: 90 | AP12: FD24367 | AQ12: ET10416 | AR12: 480 | AS12: 90 | AT12: FHB0008 | AU12: ES10262 | AV12: 235 | AW12: 27 | AX12: FX27898 | AY12: ES10262 | AZ12: 225 | BA12: 27 | BB12: ET11001 | BC12: - | BD12: - | BE12: - | BF12: - | BG12: - | BH12: - | BI12: SIDE | BJ12: - | BK12: - | BM12: 21 | BN12: [정규용] 25Q01 25Q02 | BO12: BJ23BI | BP12: CE01Z14 | BQ12: 48L | BS12: GU29034 | BT12: GW46408 | BU12: AT225 | BV12: 1706 | BW12: ▶ 내구 2(Cut포함), RR 1 ▶ Bp't O | BX12: Ware Ware | BY12: HPW | BZ12: =A12&LEFT(H12,7)&P12 -> 11037807T00 | CA12: =A12&LEFT(H12,7) -> 11037807 | CB12: ="2026-"&LEFT(R12,2)&"-"&MID(R12,4,2)&"T"&LEFT(H12,7) -> 2026-01-05T1037807 | CC12: =IFERROR(VLOOKUP(CB12,'양시 실적'!A:I,4,FALSE),"") -> H133C | CD12: =IFERROR(SUMIFS('양시 실적'!I:I,'양시 실적'!B:B,양시!CA12),"") -> 190 | CE12: =IF(CD12<>0,IFERROR(MID(I12,FIND("R",I12)+1,2),""),"") -> 21 | CF12: - | CG12: ="KT"&LEFT(H12,7)&"T000"&RIGHT(P12,2) -> KT1037807T00000 | CH12: =IFERROR(VLOOKUP(CG12,Status_0526!F:BK,58,FALSE),"") -> OK | CJ12: =IFERROR(VLOOKUP(BZ12,양시요청!EV:EZ,5,FALSE),"") -> 0
A13: 1 | B13: RE | C13: 김현기 | D13: 김상훈 | E13: DP | F13: 2025120770 | G13: JF505 SRFM 1x2 B/T | H13: 1038778 | I13: 170/650R15 RD | J13: R213M | K13: 4 | L13: L | M13: B | N13: S | O13: HL | P13: T00 | Q13: 60 | R13: 01/06 화 | S13: RE/DP H115 | T13: Expand | U13: F28 | V13: U35 | W13: - | X13: - (N) | Y13: DR74789 | Z13: B1006 | AA13: 220 | AB13: S26 | AC13: - | AD13: DN68409 | AE13: B1006 | AF13: 155 | AG13: 0 | AH13: 1853 | AI13: FQ00889 | AJ13: 420 | AK13: 140 | AL13: FX31304 | AM13: ET11040 | AN13: 560 | AO13: 77 | AP13: FX30608 | AQ13: ET11040 | AR13: 460 | AS13: 77 | AT13: FX27039 | AU13: ES20425 | AV13: 175 | AW13: 30 | AX13: FX27115 | AY13: ES20425 | AZ13: 165 | BA13: 30 | BB13: ET11001 | BC13: - | BD13: FX30777 | BE13: 60 | BF13: 24 | BG13: - | BH13: - | BI13: TREAD | BJ13: - | BK13: SRFM SRFM 1x2 BELT | BM13: 15 | BN13: [정규용] 20R48 | BO13: BD29BP | BP13: - | BQ13: 42M | BS13: GU29772 GS/60/24 GS01387 | BT13: GW22429 | BU13: DT240 | BV13: 1208 | BW13: SRFM Width 60mm [HEW)OP Inform] SRFM (1X2) B/T | BY13: 혜원 | BZ13: =A13&LEFT(H13,7)&P13 -> 11038778T00 | CA13: =A13&LEFT(H13,7) -> 11038778 | CB13: ="2026-"&LEFT(R13,2)&"-"&MID(R13,4,2)&"T"&LEFT(H13,7) -> 2026-01-06T1038778 | CC13: =IFERROR(VLOOKUP(CB13,'양시 실적'!A:I,4,FALSE),"") | CD13: =IFERROR(SUMIFS('양시 실적'!I:I,'양시 실적'!B:B,양시!CA13),"") -> 0 | CE13: =IF(CD13<>0,IFERROR(MID(I13,FIND("R",I13)+1,2),""),"") | CF13: - | CG13: ="KT"&LEFT(H13,7)&"T000"&RIGHT(P13,2) -> KT1038778T00000 | CH13: =IFERROR(VLOOKUP(CG13,Status_0526!F:BK,58,FALSE),"") | CJ13: =IFERROR(VLOOKUP(BZ13,양시요청!EV:EZ,5,FALSE),"") -> 0
A14: 1 | B14: RE | C14: 김현기 | D14: 김상훈 | E14: DP | F14: 2025120772 | G14: JF505 SRFM 1x2 B/T | H14: 1038767 | I14: 170/650R15 RD | J14: R213M | K14: 4 | L14: L | M14: B | N14: S | O14: HR | P14: T00 | Q14: 60 | R14: 01/06 화 | S14: RE/DP H115 | T14: Expand | U14: F28 | V14: U35 | W14: - | X14: - (N) | Y14: DR74789 | Z14: B1006 | AA14: 220 | AB14: S26 | AC14: - | AD14: DN68409 | AE14: B1006 | AF14: 155 | AG14: 0 | AH14: 1853 | AI14: FQ00889 | AJ14: 420 | AK14: 140 | AL14: FX31304 | AM14: ET11040 | AN14: 560 | AO14: 77 | AP14: FX30608 | AQ14: ET11040 | AR14: 460 | AS14: 77 | AT14: FX27039 | AU14: ES20425 | AV14: 175 | AW14: 30 | AX14: FX27115 | AY14: ES20425 | AZ14: 165 | BA14: 30 | BB14: ET11001 | BC14: - | BD14: FX30777 | BE14: 60 | BF14: 24 | BG14: - | BH14: - | BI14: TREAD | BJ14: - | BK14: SRFM SRFM 1x2 BELT | BM14: 15 | BN14: [정규용] 20R49 | BO14: BD29BP | BP14: - | BQ14: 42M | BS14: GU29772 GS/60/24 GS01387 | BT14: GW22429 | BU14: DT240 | BV14: 1208 | BW14: SRFM Width 60mm [HEW)OP Inform] SRFM (1X2) B/T | BY14: 혜원 | BZ14: =A14&LEFT(H14,7)&P14 -> 11038767T00 | CA14: =A14&LEFT(H14,7) -> 11038767 | CB14: ="2026-"&LEFT(R14,2)&"-"&MID(R14,4,2)&"T"&LEFT(H14,7) -> 2026-01-06T1038767 | CC14: =IFERROR(VLOOKUP(CB14,'양시 실적'!A:I,4,FALSE),"") -> H115C | CD14: =IFERROR(SUMIFS('양시 실적'!I:I,'양시 실적'!B:B,양시!CA14),"") -> 113 | CE14: =IF(CD14<>0,IFERROR(MID(I14,FIND("R",I14)+1,2),""),"") -> 15 | CF14: - | CG14: ="KT"&LEFT(H14,7)&"T000"&RIGHT(P14,2) -> KT1038767T00000 | CH14: =IFERROR(VLOOKUP(CG14,Status_0526!F:BK,58,FALSE),"") -> OK | CJ14: =IFERROR(VLOOKUP(BZ14,양시요청!EV:EZ,5,FALSE),"") -> 0
A15: 1 | B15: RE | C15: 김현기 | D15: 김영광 | E15: DP | F15: 2026010524 | G15: JF505 SRFM | H15: 1037534 | I15: 180/650R15 RD | J15: R213W | K15: 4 | L15: L | M15: B | N15: D | O15: HL | P15: T02 | Q15: 26 | R15: 01/07 수 | S15: RE/DP H115 | T15: Expand | U15: F24 | V15: U36 | W15: - | X15: - (N) | Y15: DR75078 | Z15: 신제작 | AA15: 230 | AB15: S24 | AC15: B89 | AD15: DN69451 | AE15: 신제작 | AF15: 155 | AG15: 0 | AH15: 1810 | AI15: FQ00958 | AJ15: 440 | AK15: 125 | AL15: FX31509 | AM15: ET11040 | AN15: 590 | AO15: 85 | AP15: FX31571 | AQ15: ET11040 | AR15: 470 | AS15: 85 | AT15: FX27446 | AU15: ES20425 | AV15: 185 | AW15: 30 | AX15: FX27195 | AY15: ES20425 | AZ15: 170 | BA15: 30 | BB15: ET11001 | BC15: - | BD15: FX28349 | BE15: 70 | BF15: 24 | BG15: - | BH15: - | BI15: TREAD | BJ15: - | BK15: SRFM | BM15: 15 | BN15: [정규용] 24P29 24P30 | BO15: BD40AI | BP15: CE01M19 | BQ15: 45M | BS15: GU28734 GS/70/24 GS01247 | BT15: GW56009 | BU15: AB250 | BV15: 1208 | BW15: SRFM Width 70mm [HEW)OP Inform] | BX15: Ware Ware | BY15: 대광 | BZ15: =A15&LEFT(H15,7)&P15 -> 11037534T02 | CA15: =A15&LEFT(H15,7) -> 11037534 | CB15: ="2026-"&LEFT(R15,2)&"-"&MID(R15,4,2)&"T"&LEFT(H15,7) -> 2026-01-07T1037534 | CC15: =IFERROR(VLOOKUP(CB15,'양시 실적'!A:I,4,FALSE),"") -> H115C | CD15: =IFERROR(SUMIFS('양시 실적'!I:I,'양시 실적'!B:B,양시!CA15),"") -> 44 | CE15: =IF(CD15<>0,IFERROR(MID(I15,FIND("R",I15)+1,2),""),"") -> 15 | CF15: Spec. 변경 : S/W Ga. 보강 Spec. 변경 : 가류 Bladder 변경 | CG15: ="KT"&LEFT(H15,7)&"T000"&RIGHT(P15,2) -> KT1037534T00002 | CH15: =IFERROR(VLOOKUP(CG15,Status_0526!F:BK,58,FALSE),"") | CJ15: =IFERROR(VLOOKUP(BZ15,양시요청!EV:EZ,5,FALSE),"") -> 0
A16: 1 | B16: RE | C16: 김현기 | D16: 김영광 | E16: DP | F16: 2026010526 | G16: JF505 SRFM | H16: 1037535 | I16: 180/650R15 RD | J16: R213W | K16: 4 | L16: L | M16: B | N16: D | O16: HR | P16: T02 | Q16: 26 | R16: 01/07 수 | S16: RE/DP H115 | T16: Expand | U16: F24 | V16: U36 | W16: - | X16: - (N) | Y16: DR75078 | Z16: - | AA16: 230 | AB16: S24 | AC16: B89 | AD16: DN69451 | AE16: - | AF16: 155 | AG16: 0 | AH16: 1810 | AI16: FQ00958 | AJ16: 440 | AK16: 125 | AL16: FX31509 | AM16: ET11040 | AN16: 590 | AO16: 85 | AP16: FX31571 | AQ16: ET11040 | AR16: 470 | AS16: 85 | AT16: FX27446 | AU16: ES20425 | AV16: 185 | AW16: 30 | AX16: FX27195 | AY16: ES20425 | AZ16: 170 | BA16: 30 | BB16: ET11001 | BC16: - | BD16: FX28349 | BE16: 70 | BF16: 24 | BG16: - | BH16: - | BI16: TREAD | BJ16: - | BK16: SRFM | BM16: 15 | BN16: [정규용] 24P27 24P28 | BO16: BD40AI | BP16: CE01M19 | BQ16: 45M | BS16: GU28734 GS/70/24 GS01247 | BT16: GW56009 | BU16: AB250 | BV16: 1208 | BW16: SRFM Width 70mm [HEW)OP Inform] | BX16: Ware Ware | BY16: 대광 | BZ16: =A16&LEFT(H16,7)&P16 -> 11037535T02 | CA16: =A16&LEFT(H16,7) -> 11037535 | CB16: ="2026-"&LEFT(R16,2)&"-"&MID(R16,4,2)&"T"&LEFT(H16,7) -> 2026-01-07T1037535 | CC16: =IFERROR(VLOOKUP(CB16,'양시 실적'!A:I,4,FALSE),"") | CD16: =IFERROR(SUMIFS('양시 실적'!I:I,'양시 실적'!B:B,양시!CA16),"") -> 0 | CE16: =IF(CD16<>0,IFERROR(MID(I16,FIND("R",I16)+1,2),""),"") | CF16: Spec. 변경 : S/W Ga. 보강 Spec. 변경 : 가류 Bladder 변경 | CG16: ="KT"&LEFT(H16,7)&"T000"&RIGHT(P16,2) -> KT1037535T00002 | CH16: =IFERROR(VLOOKUP(CG16,Status_0526!F:BK,58,FALSE),"") | CJ16: =IFERROR(VLOOKUP(BZ16,양시요청!EV:EZ,5,FALSE),"") -> 0
A17: 1 | B17: 양산기술 | C17: 장아영 | D17: 이준탁 | E17: DS | F17: 2025112554 | G17: JF0 Aramid JLB | H17: 1035165 | I17: 215/45ZR18Y XL | J17: K137 | K17: 4 | L17: L | M17: B | N17: - | O17: HK | P17: T00 | Q17: 60 (200) | R17: 01/07 수 | S17: RE/DS H171 | T17: Transfer Dev. | U17: P35 | V17: U35 | W17: S25 | X17: - (C) | Y17: DR74982 | Z17: B1008 | AA17: 224 | AB17: S24 | AC17: B89 | AD17: DN68358 | AE17: 신제작 | AF17: 105 | AG17: 524 | AH17: 1895 | AI17: FY24860 | AJ17: 360 | AK17: 325 | AL17: FD24259 | AM17: ET10416 | AN17: 450 | AO17: 90 | AP17: - | AQ17: - | AR17: - | AS17: - | AT17: FHB0071 | AU17: ES20425 | AV17: 195 | AW17: 30 | AX17: FX27446 | AY17: ES20425 | AZ17: 185 | BA17: 30 | BB17: ET10151 | BC17: - | BD17: - | BE17: - | BF17: - | BG17: - | BH17: - | BI17: SIDE | BJ17: - | BK17: - | BM17: 18 | BN17: [정규용] 23R18 23R19 (개조중, KP, 미반출) | BO17: BE48AI | BP17: CA02X12 | BQ17: 42M | BS17: GU28549 | BT17: GW21956 | BU17: DT115 | BV17: 1462 | BW17: ▶ 내구 2(Cut포함), RR 1 ▶ Bp't O | BY17: 혜원 | BZ17: =A17&LEFT(H17,7)&P17 -> 11035165T00 | CA17: =A17&LEFT(H17,7) -> 11035165 | CB17: ="2026-"&LEFT(R17,2)&"-"&MID(R17,4,2)&"T"&LEFT(H17,7) -> 2026-01-07T1035165 | CC17: =IFERROR(VLOOKUP(CB17,'양시 실적'!A:I,4,FALSE),"") -> H171C | CD17: =IFERROR(SUMIFS('양시 실적'!I:I,'양시 실적'!B:B,양시!CA17),"") -> 199 | CE17: =IF(CD17<>0,IFERROR(MID(I17,FIND("R",I17)+1,2),""),"") -> 18 | CF17: - | CG17: ="KT"&LEFT(H17,7)&"T000"&RIGHT(P17,2) -> KT1035165T00000 | CH17: =IFERROR(VLOOKUP(CG17,Status_0526!F:BK,58,FALSE),"") -> OK | CJ17: =IFERROR(VLOOKUP(BZ17,양시요청!EV:EZ,5,FALSE),"") -> 0
A18: 1 | B18: RE | C18: 김정민 | D18: 이준탁 | E18: DS | F18: 2025121100 | G18: JF0 | H18: 1037789 | I18: 245/35R19W XL | J18: W340 | K18: 4 | L18: L | M18: B | N18: - | O18: HK | P18: T00 | Q18: 60 (200) | R18: 01/07 수 | S18: RE/DS H131 | T18: Expand | U18: P42 | V18: U36 | W18: S25 | X18: U35 (C) | Y18: DR75071 | Z18: 신제작 | AA18: 258 | AB18: S24 | AC18: B89 | AD18: DN69404 | AE18: 신제작 | AF18: 90 | AG18: 516 | AH18: 1900 | AI18: FY24865 | AJ18: 380 | AK18: 345 | AL18: FS00455 | AM18: ET10203 | AN18: 440 | AO18: 90 | AP18: - | AQ18: - | AR18: - | AS18: - | AT18: FHB0164 | AU18: ES20424 | AV18: 225 | AW18: 27 | AX18: FX27212 | AY18: ES20424 | AZ18: 215 | BA18: 27 | BB18: ET10121 | BC18: 60 | BD18: - | BE18: - | BF18: - | BG18: - | BH18: - | BI18: SIDE | BJ18: - | BK18: - | BM18: 19 | BN18: [정규용] 25H97 25H98 | BO18: BG15BP | BP18: CE01Z12 | BQ18: 45M | BS18: GU28182 | BT18: GW22186 | BU18: AT115 | BV18: 1542 | BW18: ▶ 내구 2(Cut포함), RR 1 ▶ Bp't O | BX18: Ware Ware | BY18: SYT | BZ18: =A18&LEFT(H18,7)&P18 -> 11037789T00 | CA18: =A18&LEFT(H18,7) -> 11037789 | CB18: ="2026-"&LEFT(R18,2)&"-"&MID(R18,4,2)&"T"&LEFT(H18,7) -> 2026-01-07T1037789 | CC18: =IFERROR(VLOOKUP(CB18,'양시 실적'!A:I,4,FALSE),"") -> H131C | CD18: =IFERROR(SUMIFS('양시 실적'!I:I,'양시 실적'!B:B,양시!CA18),"") -> 191 | CE18: =IF(CD18<>0,IFERROR(MID(I18,FIND("R",I18)+1,2),""),"") -> 19 | CF18: - | CG18: ="KT"&LEFT(H18,7)&"T000"&RIGHT(P18,2) -> KT1037789T00000 | CH18: =IFERROR(VLOOKUP(CG18,Status_0526!F:BK,58,FALSE),"") -> OK | CJ18: =IFERROR(VLOOKUP(BZ18,양시요청!EV:EZ,5,FALSE),"") -> 0
A19: 1 | B19: RE | C19: 김정민 | D19: 김노연 | E19: DS | F19: 2025120942 | G19: JF0 | H19: 1037824 | I19: 245/65R17H XL | J19: W340A | K19: 4 | L19: L | M19: B | N19: - | O19: HK | P19: T02 | Q19: 60 (200) | R19: X | S19: RE/DS H135 | T19: Expand | U19: P42 | V19: U36 | W19: S25 | X19: U35 (C) | Y19: DR75054 | Z19: 신제작 | AA19: 238 | AB19: S24 | AC19: B89 | AD19: DN69417 | AE19: 신제작 | AF19: 185 | AG19: 828 | AH19: 2190 | AI19: FY24840 | AJ19: 500 | AK19: 465 | AL19: FX28997 | AM19: ET10416 | AN19: 650 | AO19: 90 | AP19: FX27556 | AQ19: ET10416 | AR19: 530 | AS19: 90 | AT19: FHB0261 | AU19: ES10262 | AV19: 200 | AW19: 27 | AX19: FX27884 | AY19: ES10262 | AZ19: 190 | BA19: 27 | BB19: ET11001 | BC19: - | BD19: - | BE19: - | BF19: - | BG19: - | BH19: - | BI19: TREAD | BJ19: - | BK19: - | BM19: 17 | BN19: [정규용] 25D23 25D24 (개조중) | BO19: BE44AI | BP19: CE09M11 | BQ19: 47M | BS19: GU28558 | BT19: GW22198 | BU19: AH245 | BV19: 1386 | BW19: ▶ 내구 2(Cut포함), RR 1 ▶ Bp't O | BX19: Ware Ware | BY19: 대광 | BZ19: =A19&LEFT(H19,7)&P19 -> 11037824T02 | CA19: =A19&LEFT(H19,7) -> 11037824 | CB19: ="2026-"&LEFT(R19,2)&"-"&MID(R19,4,2)&"T"&LEFT(H19,7) -> 2026-X-T1037824 | CF19: 생산 Grouping : 취소 | CG19: ="KT"&LEFT(H19,7)&"T000"&RIGHT(P19,2) -> KT1037824T00002 | CH19: =IFERROR(VLOOKUP(CG19,Status_0526!F:BK,58,FALSE),"") -> OK | CJ19: =IFERROR(VLOOKUP(BZ19,양시요청!EV:EZ,5,FALSE),"") -> 0
A20: 1 | B20: RE | C20: 현재호 | D20: 김영광 | E20: DS | F20: 2025113522 | G20: JF0 P2000D/2 | H20: 1037671 | I20: 225/55R19V | J20: W340A | K20: 4 | L20: L | M20: B | N20: - | O20: HK | P20: T00 | Q20: 60 (200) | R20: 01/08 목 | S20: RE/DS H187 | T20: Expand | U20: P47 | V20: U36 | W20: S25 | X20: U35 (C) | Y20: DR75047 | Z20: 신제작 | AA20: 234 | AB20: S24 | AC20: B89 | AD20: DN69411 | AE20: 신제작 | AF20: 150 | AG20: 686 | AH20: 2140 | AI20: FY24549 | AJ20: 430 | AK20: 395 | AL20: FX31394 | AM20: ET10135 | AN20: 560 | AO20: 90 | AP20: - | AQ20: - | AR20: - | AS20: - | AT20: FHB0013 | AU20: ES20424 | AV20: 195 | AW20: 27 | AX20: FX26553 | AY20: ES20424 | AZ20: 185 | BA20: 27 | BB20: ET11001 | BC20: - | BD20: - | BE20: - | BF20: - | BG20: - | BH20: - | BI20: TREAD | BJ20: - | BK20: P2000D/2 | BM20: 19 | BN20: [정규용] 25F14 25F15 25GF2 25GF3 (증설중) | BO20: BG05BP | BP20: CE01K12 | BQ20: 47M | BS20: GU29023 | BT20: GW22186 | BU20: AT235 | BV20: 1542 | BW20: ▶ 내구 2(Cut포함), RR 1 ▶ Bp't O | BX20: Ware Ware Add Add | BY20: SYT | BZ20: =A20&LEFT(H20,7)&P20 -> 11037671T00 | CA20: =A20&LEFT(H20,7) -> 11037671 | CB20: ="2026-"&LEFT(R20,2)&"-"&MID(R20,4,2)&"T"&LEFT(H20,7) -> 2026-01-08T1037671 | CC20: =IFERROR(VLOOKUP(CB20,'양시 실적'!A:I,4,FALSE),"") -> H187C | CD20: =IFERROR(SUMIFS('양시 실적'!I:I,'양시 실적'!B:B,양시!CA20),"") -> 195 | CE20: =IF(CD20<>0,IFERROR(MID(I20,FIND("R",I20)+1,2),""),"") -> 19 | CF20: - | CG20: ="KT"&LEFT(H20,7)&"T000"&RIGHT(P20,2) -> KT1037671T00000 | CH20: =IFERROR(VLOOKUP(CG20,Status_0526!F:BK,58,FALSE),"") -> OK | CJ20: =IFERROR(VLOOKUP(BZ20,양시요청!EV:EZ,5,FALSE),"") -> 0
A21: 1 | B21: RE | C21: 김정민 | D21: 김노연 | E21: DS | F21: 2025122426 | G21: JF0 | H21: 1037795 | I21: 245/35R20W XL | J21: W340 | K21: 4 | L21: L | M21: B | N21: - | O21: HK | P21: T00 | Q21: 60 (200) | R21: 01/09 금 | S21: RE/DS H132 | T21: Expand | U21: P47 | V21: U36 | W21: S25 | X21: U35 (C) | Y21: DR75067 | Z21: 신제작 | AA21: 260 | AB21: S24 | AC21: B89 | AD21: DN69433 | AE21: 신제작 | AF21: 90 | AG21: 510 | AH21: 1980 | AI21: FY24865 | AJ21: 380 | AK21: 345 | AL21: FX26754 | AM21: ET10203 | AN21: 540 | AO21: 90 | AP21: - | AQ21: - | AR21: - | AS21: - | AT21: FHB0164 | AU21: ES20424 | AV21: 225 | AW21: 27 | AX21: FX27212 | AY21: ES20424 | AZ21: 215 | BA21: 27 | BB21: ET11001 | BC21: - | BD21: - | BE21: - | BF21: - | BG21: - | BH21: - | BI21: STOS | BJ21: - | BK21: - | BM21: 20 | BN21: [정규용] 25P98 25P99 | BO21: BG37BP | BP21: - | BQ21: 47M | BS21: GU29105 | BT21: GW21496 | BU21: AT115 | BV21: 1622 | BW21: ▶ 내구 2(Cut포함), RR 1 ▶ Bp't O | BX21: Ware Ware | BY21: HPW | BZ21: =A21&LEFT(H21,7)&P21 -> 11037795T00 | CA21: =A21&LEFT(H21,7) -> 11037795 | CB21: ="2026-"&LEFT(R21,2)&"-"&MID(R21,4,2)&"T"&LEFT(H21,7) -> 2026-01-09T1037795 | CC21: =IFERROR(VLOOKUP(CB21,'양시 실적'!A:I,4,FALSE),"") -> H132C | CD21: =IFERROR(SUMIFS('양시 실적'!I:I,'양시 실적'!B:B,양시!CA21),"") -> 179 | CE21: =IF(CD21<>0,IFERROR(MID(I21,FIND("R",I21)+1,2),""),"") -> 20 | CF21: - | CG21: ="KT"&LEFT(H21,7)&"T000"&RIGHT(P21,2) -> KT1037795T00000 | CH21: =IFERROR(VLOOKUP(CG21,Status_0526!F:BK,58,FALSE),"") -> OK | CJ21: =IFERROR(VLOOKUP(BZ21,양시요청!EV:EZ,5,FALSE),"") -> 0
A22: 3 | B22: RE | C22: 손정훈 | D22: 김영광 | E22: DP | F22: 2025123687 | G22: JF505 | H22: 1038719 | I22: 260/610R16 | J22: F200 | K22: 4 | L22: L | M22: B | N22: Q | O22: HK | P22: T00 | Q22: 50 | R22: 01/19 월 | S22: RE/DP H103 | T22: Transfer Dev. | U22: F84 | V22: U35 | W22: - | X22: - (N) | Y22: DR74738 | Z22: B1006 | AA22: 296 | AB22: S26 | AC22: - | AD22: DN69097 | AE22: B1006 | AF22: 135 | AG22: 0 | AH22: 1808 | AI22: FA29774 | AJ22: 460 | AK22: - | AL22: FX31447 | AM22: ET11040 | AN22: 590 | AO22: 77 | AP22: FX30610 | AQ22: ET11040 | AR22: 440 | AS22: 77 | AT22: FH25387 | AU22: ES20425 | AV22: 260 | AW22: 30 | AX22: FX27747 | AY22: ES20425 | AZ22: 245 | BA22: 30 | BB22: ET11001 | BC22: - | BD22: - | BE22: - | BF22: - | BG22: - | BH22: - | BI22: TREAD | BJ22: - | BK22: - | BM22: 16 | BN22: [정규용] 23Q60 23Q61 | BO22: BD39AI | BP22: CE01L17 | BQ22: 45M | BS22: GU28691 | BT22: GW55012 | BU22: AD235 | BV22: 1289 | BX22: Ware Ware | BY22: 대광 | BZ22: =A22&LEFT(H22,7)&P22 -> 31038719T00 | CA22: =A22&LEFT(H22,7) -> 31038719 | CB22: ="2026-"&LEFT(R22,2)&"-"&MID(R22,4,2)&"T"&LEFT(H22,7) -> 2026-01-19T1038719 | CC22: =IFERROR(VLOOKUP(CB22,'양시 실적'!A:I,4,FALSE),"") -> H103C | CD22: =IFERROR(SUMIFS('양시 실적'!I:I,'양시 실적'!B:B,양시!CA22),"") -> 47 | CE22: =IF(CD22<>0,IFERROR(MID(I22,FIND("R",I22)+1,2),""),"") -> 16 | CF22: Racing 생산 계획 변경 (01/17~) | CG22: ="KT"&LEFT(H22,7)&"T000"&RIGHT(P22,2) -> KT1038719T00000 | CH22: =IFERROR(VLOOKUP(CG22,Status_0526!F:BK,58,FALSE),"") -> OK | CJ22: =IFERROR(VLOOKUP(BZ22,양시요청!EV:EZ,5,FALSE),"") -> 0
A23: 3 | B23: RE | C23: 윤영기 | D23: 김상훈 | E23: DM | F23: 2026010097 | G23: JF5 | H23: 2022562 | I23: LT305/55R20 | J23: LC02 | K23: 12 | L23: L | M23: B | N23: - | O23: LF | P23: T02 | Q23: 30 (100) | R23: 01/19 월 | S23: RE/DM H107 | T23: Expand | U23: P90 | V23: U73 | W23: S25 | X23: - (N) | Y23: DR75084 | Z23: 신제작 | AA23: 310 | AB23: S24 | AC23: B89 | AD23: DN69463 | AE23: 신제작 | AF23: 195 | AG23: 912 | AH23: 2405 | AI23: FY25490 | AJ23: 580 | AK23: 545 | AL23: FR03752 | AM23: ET11006 | AN23: 780 | AO23: 90 | AP23: FX31506 | AQ23: ET11006 | AR23: 740 | AS23: 90 | AT23: FH25366 | AU23: ES12003 | AV23: 265 | AW23: 24 | AX23: FH25367 | AY23: ES12003 | AZ23: 250 | BA23: 24 | BB23: ET10121 | BC23: - | BD23: - | BE23: - | BF23: - | BG23: DN56899 | BH23: CQB86 | BI23: TREAD | BJ23: 40 | BK23: - | BM23: 20 | BN23: [정규용] 25F08 25F09 | BO23: BG44BP | BP23: CE50Z29 | BQ23: 51S | BS23: GU29498 | BT23: GW22393 | BU23: BU118 | BV23: 1638 | BW23: ▶ 내구 2(Cut포함), RR 1 ▶ Bp't O H107 C/C Turn-Up 68% | BX23: Ware Ware | BY23: SYT | BZ23: =A23&LEFT(H23,7)&P23 -> 32022562T02 | CA23: =A23&LEFT(H23,7) -> 32022562 | CB23: ="2026-"&LEFT(R23,2)&"-"&MID(R23,4,2)&"T"&LEFT(H23,7) -> 2026-01-19T2022562 | CC23: =IFERROR(VLOOKUP(CB23,'양시 실적'!A:I,4,FALSE),"") -> H107C | CD23: =IFERROR(SUMIFS('양시 실적'!I:I,'양시 실적'!B:B,양시!CA23),"") -> 106 | CE23: =IF(CD23<>0,IFERROR(MID(I23,FIND("R",I23)+1,2),""),"") -> 20 | CF23: S/W 변경 | CG23: ="KT"&LEFT(H23,7)&"T000"&RIGHT(P23,2) -> KT2022562T00002 | CH23: =IFERROR(VLOOKUP(CG23,Status_0526!F:BK,58,FALSE),"") -> OK | CJ23: =IFERROR(VLOOKUP(BZ23,양시요청!EV:EZ,5,FALSE),"") -> 0
A24: 3 | B24: RE | C24: 이학진 | D24: 김상훈 | E24: DS | F24: 2025123191 | G24: JF0 | H24: 1037717 | I24: 255/50R21H XL | J24: W340 | K24: 4 | L24: L | M24: B | N24: - | O24: HK | P24: T01 | Q24: 60 (200) | R24: 01/20 화 | S24: RE/DS H133 | T24: Expand | U24: P42 | V24: U36 | W24: S25 | X24: U35 (C) | Y24: DR75073 | Z24: 신제작 | AA24: 264 | AB24: S24 | AC24: B89 | AD24: DN67924 | AE24: B1007 | AF24: 155 | AG24: 720 | AH24: 2310 | AI24: FY25095 | AJ24: 470 | AK24: 435 | AL24: FX28696 | AM24: ET10416 | AN24: 600 | AO24: 90 | AP24: FX27503 | AQ24: ET10416 | AR24: 500 | AS24: 90 | AT24: FHB0042 | AU24: ES10262 | AV24: 225 | AW24: 27 | AX24: FX27883 | AY24: ES10262 | AZ24: 215 | BA24: 27 | BB24: ET11001 | BC24: - | BD24: - | BE24: - | BF24: - | BG24: - | BH24: - | BI24: TREAD | BJ24: - | BK24: - | BM24: 21 | BN24: [정규용] 25D10 25D11 | BO24: BJ19AI | BP24: CE01Z13 | BQ24: 51M | BS24: GU29210 | BT24: GW46408 | BU24: AT235 | BV24: 1706 | BW24: ▶ 내구 2(Cut포함), RR 1 ▶ Bp't O | BX24: Ware Ware | BY24: SYT | BZ24: =A24&LEFT(H24,7)&P24 -> 31037717T01 | CA24: =A24&LEFT(H24,7) -> 31037717 | CB24: ="2026-"&LEFT(R24,2)&"-"&MID(R24,4,2)&"T"&LEFT(H24,7) -> 2026-01-20T1037717 | CC24: =IFERROR(VLOOKUP(CB24,'양시 실적'!A:I,4,FALSE),"") -> H133C | CD24: =IFERROR(SUMIFS('양시 실적'!I:I,'양시 실적'!B:B,양시!CA24),"") -> 211 | CE24: =IF(CD24<>0,IFERROR(MID(I24,FIND("R",I24)+1,2),""),"") -> 21 | CF24: - | CG24: ="KT"&LEFT(H24,7)&"T000"&RIGHT(P24,2) -> KT1037717T00001 | CH24: =IFERROR(VLOOKUP(CG24,Status_0526!F:BK,58,FALSE),"") -> OK | CJ24: =IFERROR(VLOOKUP(BZ24,양시요청!EV:EZ,5,FALSE),"") -> 0
A25: 3 | B25: RE | C25: 김영광 | D25: 김영광 | E25: DS | F25: 2026010445 | G25: JF5 P2000D/2 | H25: 1026387 | I25: 225/55R18V XL | J25: W330A | K25: 4 | L25: L | M25: B | N25: - | O25: HK | P25: T16 | Q25: 60 (200) | R25: 01/21 수 | S25: RE/DS H184 | T25: P2000D/2 | U25: P84 | V25: U36 | W25: S25 | X25: U35 (C) | Y25: DR73830 | Z25: B1003 | AA25: 230 | AB25: S24 | AC25: B89 | AD25: DN69029 | AE25: B1005 | AF25: 145 | AG25: 678 | AH25: 2050 | AI25: FY24879 | AJ25: 430 | AK25: 395 | AL25: FD24284 | AM25: ET10135 | AN25: 550 | AO25: - | AP25: - | AQ25: - | AR25: - | AS25: - | AT25: FHB0020 | AU25: ES10262 | AV25: 195 | AW25: 27 | AX25: FX27874 | AY25: ES10262 | AZ25: 185 | BA25: 27 | BB25: ET10121 | BC25: - | BD25: - | BE25: - | BF25: - | BG25: - | BH25: - | BI25: SIDE | BJ25: - | BK25: - | BM25: 18 | BN25: [정규용] 19D66 19D67 | BO25: BE46AI | BP25: CE09V11 | BS25: GU28921 | BT25: GW46405 | BU25: AT235+ | BV25: 1462 | BW25: ▶ 내구 2(Cut포함), RR 1 ▶ Bp't O | BY25: 신우 | BZ25: =A25&LEFT(H25,7)&P25 -> 31026387T16 | CA25: =A25&LEFT(H25,7) -> 31026387 | CB25: ="2026-"&LEFT(R25,2)&"-"&MID(R25,4,2)&"T"&LEFT(H25,7) -> 2026-01-21T1026387 | CC25: =IFERROR(VLOOKUP(CB25,'양시 실적'!A:I,4,FALSE),"") -> H184C | CD25: =IFERROR(SUMIFS('양시 실적'!I:I,'양시 실적'!B:B,양시!CA25),"") -> 154 | CE25: =IF(CD25<>0,IFERROR(MID(I25,FIND("R",I25)+1,2),""),"") -> 18 | CF25: - | CG25: ="KT"&LEFT(H25,7)&"T000"&RIGHT(P25,2) -> KT1026387T00016 | CH25: =IFERROR(VLOOKUP(CG25,Status_0526!F:BK,58,FALSE),"") -> OK | CJ25: =IFERROR(VLOOKUP(BZ25,양시요청!EV:EZ,5,FALSE),"") -> 0
A26: 3 | B26: RE | C26: 김도형 | D26: 김상훈 | E26: DM | F26: 2025123852 | G26: JF5 | H26: 2022563 | I26: LT275/65R20 | J26: PW90C | K26: 10 | L26: L | M26: B | N26: - | O26: PB | P26: T00 | Q26: 30 (100) | R26: 01/21 수 | S26: RE/DM H107 | T26: Expand | U26: P95 | V26: U73 | W26: S25 | X26: - (N) | Y26: DR75083 | Z26: 신제작 | AA26: 288 | AB26: S24 | AC26: B89 | AD26: DN69454 | AE26: 신제작 | AF26: 215 | AG26: 924 | AH26: 2485 | AI26: FY25559 | AJ26: 560 | AK26: 525 | AL26: FR03502 | AM26: ET11006 | AN26: 770 | AO26: 90 | AP26: FX31520 | AQ26: ET11006 | AR26: 720 | AS26: 90 | AT26: FH25277 | AU26: ES12003 | AV26: 240 | AW26: 24 | AX26: FH25278 | AY26: ES12003 | AZ26: 225 | BA26: 24 | BB26: ET10121 | BC26: - | BD26: - | BE26: - | BF26: - | BG26: DN56899 | BH26: CQB86 | BI26: TREAD | BJ26: 40 | BK26: - | BM26: 20 | BN26: [정규용] 25P59 25P60 | BO26: BG44BP | BP26: CE50H27 | BQ26: 47M | BS26: GU29498 | BT26: GW22393 | BU26: BU118 | BV26: 1638 | BW26: ▶ 내구 2(Cut포함), RR 1 ▶ Bp't O H107 C/C Turn-Up 68% | BX26: Ware Ware | BY26: HPW | BZ26: =A26&LEFT(H26,7)&P26 -> 32022563T00 | CA26: =A26&LEFT(H26,7) -> 32022563 | CB26: ="2026-"&LEFT(R26,2)&"-"&MID(R26,4,2)&"T"&LEFT(H26,7) -> 2026-01-21T2022563 | CC26: =IFERROR(VLOOKUP(CB26,'양시 실적'!A:I,4,FALSE),"") -> H107C | CD26: =IFERROR(SUMIFS('양시 실적'!I:I,'양시 실적'!B:B,양시!CA26),"") -> 30 | CE26: =IF(CD26<>0,IFERROR(MID(I26,FIND("R",I26)+1,2),""),"") -> 20 | CF26: - | CG26: ="KT"&LEFT(H26,7)&"T000"&RIGHT(P26,2) -> KT2022563T00000 | CH26: =IFERROR(VLOOKUP(CG26,Status_0526!F:BK,58,FALSE),"") -> Re_Mass | CJ26: =IFERROR(VLOOKUP(BZ26,양시요청!EV:EZ,5,FALSE),"") -> 0
A27: 3 | B27: RE | C27: 현지용 | D27: 김노연 | E27: DS | F27: 2026010432 | G27: JF505 | H27: 1038341 | I27: 225/35ZR19Y XL | J27: LK12 | K27: 4 | L27: L | M27: B | N27: - | O27: LF | P27: T01 | Q27: 60 (200) | R27: 01/22 목 | S27: RE/DS H131 | T27: Expand | U27: P35 | V27: U35 | W27: S25 | X27: - (C) | Y27: DR75079 | Z27: B1008 | AA27: 244 | AB27: S24 | AC27: B89 | AD27: DN69297 | AE27: B1007 | AF27: 90 | AG27: 484 | AH27: 1850 | AI27: FY25096 | AJ27: 350 | AK27: 315 | AL27: FX25333 | AM27: ET20271 | AN27: 410 | AO27: - | AP27: FD24369 | AQ27: ET20271 | AR27: 365 | AS27: - | AT27: FHB0063 | AU27: ES20425 | AV27: 210 | AW27: 27 | AX27: FX26253 | AY27: ES20425 | AZ27: 200 | BA27: 27 | BB27: ET11001 | BC27: - | BD27: - | BE27: - | BF27: - | BG27: - | BH27: - | BI27: SIDE | BJ27: - | BK27: - | BM27: 19 | BN27: [정규용] 25X38 25X39 | BO27: BG25BU | BP27: CA04L14 | BQ27: 45M | BS27: GU29746 | BT27: GW22102 | BU27: AT110+ | BV27: 1546 | BW27: ▶ 내구 2(Cut포함), RR 1 ▶ Bp't O | BY27: HPW | BZ27: =A27&LEFT(H27,7)&P27 -> 31038341T01 | CA27: =A27&LEFT(H27,7) -> 31038341 | CB27: ="2026-"&LEFT(R27,2)&"-"&MID(R27,4,2)&"T"&LEFT(H27,7) -> 2026-01-22T1038341 | CC27: =IFERROR(VLOOKUP(CB27,'양시 실적'!A:I,4,FALSE),"") -> H131C | CD27: =IFERROR(SUMIFS('양시 실적'!I:I,'양시 실적'!B:B,양시!CA27),"") -> 186 | CE27: =IF(CD27<>0,IFERROR(MID(I27,FIND("R",I27)+1,2),""),"") -> 19 | CF27: - | CG27: ="KT"&LEFT(H27,7)&"T000"&RIGHT(P27,2) -> KT1038341T00001 | CH27: =IFERROR(VLOOKUP(CG27,Status_0526!F:BK,58,FALSE),"") -> OK | CJ27: =IFERROR(VLOOKUP(BZ27,양시요청!EV:EZ,5,FALSE),"") -> 0
A28: 3 | B28: RE | C28: 이병재 | D28: 이준탁 | E28: DM | F28: 2025120569 | G28: JF5 | H28: 2022674 | I28: LT275/60R20 | J28: PC05 | K28: 8 | L28: L | M28: B | N28: - | O28: HK | P28: T00 | Q28: 30 (100) | R28: 01/23 금 | S28: RE/DM H107 | T28: Expand | U28: P95 | V28: U73 | W28: S25 | X28: - (N) | Y28: DR73000 | Z28: B1001 | AA28: 282 | AB28: S24 | AC28: B89 | AD28: DN67574 | AE28: B1005 | AF28: 200 | AG28: 900 | AH28: 2405 | AI28: FY25558 | AJ28: 550 | AK28: 515 | AL28: FR03551 | AM28: ET11006 | AN28: 730 | AO28: 90 | AP28: FW02369 | AQ28: ET11006 | AR28: 580 | AS28: 90 | AT28: FH24844 | AU28: ES12003 | AV28: 235 | AW28: 24 | AX28: FH24845 | AY28: ES12003 | AZ28: 220 | BA28: 24 | BB28: ET10121 | BC28: - | BD28: - | BE28: - | BF28: - | BG28: DN56899 | BH28: CQB86 | BI28: TREAD | BJ28: 40 | BK28: - | BM28: 20 | BN28: [정규 SIDEMOLD] Tread 24J92 24J93 Side 25DK9 25DM1 (신제작중) | BO28: BG0450 | BP28: CE50T25 | BQ28: 51S | BS28: GU29497 | BT28: GW22395 | BU28: BU118 | BV28: 1634 | BW28: ▶ 내구 2(Cut포함), RR 1 ▶ Bp't O H107 C/C Turn-Up 68% | BX28: Making Making | BY28: SYT | BZ28: =A28&LEFT(H28,7)&P28 -> 32022674T00 | CA28: =A28&LEFT(H28,7) -> 32022674 | CB28: ="2026-"&LEFT(R28,2)&"-"&MID(R28,4,2)&"T"&LEFT(H28,7) -> 2026-01-23T2022674 | CC28: =IFERROR(VLOOKUP(CB28,'양시 실적'!A:I,4,FALSE),"") -> H107C | CD28: =IFERROR(SUMIFS('양시 실적'!I:I,'양시 실적'!B:B,양시!CA28),"") -> 94 | CE28: =IF(CD28<>0,IFERROR(MID(I28,FIND("R",I28)+1,2),""),"") -> 20 | CF28: - | CG28: ="KT"&LEFT(H28,7)&"T000"&RIGHT(P28,2) -> KT2022674T00000 | CH28: =IFERROR(VLOOKUP(CG28,Status_0526!F:BK,58,FALSE),"") -> OK | CJ28: =IFERROR(VLOOKUP(BZ28,양시요청!EV:EZ,5,FALSE),"") -> 0
A29: 4 | B29: RE | C29: 노명동 | D29: 김노연 | E29: DP | F29: 2025032165 | G29: JF0 Mono-Ply | H29: 1027951 | I29: 205/65R15H | J29: LH41 | K29: 4 | L29: L | M29: B | N29: - | O29: LF | P29: T00 | Q29: 60 (200) | R29: 01/26 월 | S29: RE/DP H183 | T29: Transfer Dev. | U29: P50 | V29: U33 | W29: S25 | X29: - (N) | Y29: DR63783 | Z29: B1008 | AA29: 210 | AB29: S24 | AC29: B89 | AD29: DN68816 | AE29: B1007 | AF29: 150 | AG29: 0 | AH29: 1875 | AI29: FA29596 | AJ29: 400 | AK29: 420 | AL29: FX27546 | AM29: ET10416 | AN29: 550 | AO29: 90 | AP29: - | AQ29: - | AR29: - | AS29: - | AT29: FH23260 | AU29: ES20424 | AV29: 170 | AW29: 24 | AX29: FX25861 | AY29: ES20424 | AZ29: 160 | BA29: 24 | BB29: ET10121 | BC29: - | BD29: - | BE29: - | BF29: - | BG29: - | BH29: - | BI29: TREAD | BJ29: - | BK29: - | BM29: 15 | BN29: [정규용] 23599 23600 (개조중, 금산공장) | BO29: BD31AI | BP29: CE09N09 | BQ29: 42M | BS29: GU28884 | BT29: GW55007 | BU29: AD225 | BV29: 1204 | BW29: T/D Album Car | BX29: Remodel Remodel | BY29: 혜원 | BZ29: =A29&LEFT(H29,7)&P29 -> 41027951T00 | CA29: =A29&LEFT(H29,7) -> 41027951 | CB29: ="2026-"&LEFT(R29,2)&"-"&MID(R29,4,2)&"T"&LEFT(H29,7) -> 2026-01-26T1027951 | CC29: =IFERROR(VLOOKUP(CB29,'양시 실적'!A:I,4,FALSE),"") -> H183C | CD29: =IFERROR(SUMIFS('양시 실적'!I:I,'양시 실적'!B:B,양시!CA29),"") -> 47 | CE29: =IF(CD29<>0,IFERROR(MID(I29,FIND("R",I29)+1,2),""),"") -> 15 | CF29: BLW (Bead Loose Wire) : 추가 성형 취소 | CG29: ="KT"&LEFT(H29,7)&"T000"&RIGHT(P29,2) -> KT1027951T00000 | CH29: =IFERROR(VLOOKUP(CG29,Status_0526!F:BK,58,FALSE),"") -> Re_Mass | CJ29: =IFERROR(VLOOKUP(BZ29,양시요청!EV:EZ,5,FALSE),"") -> 0
A30: 4 | B30: RE | C30: 김강휘 | D30: 김영광 | E30: DS | F30: 2026010558 | G30: JF0 Aramid JLB | H30: 1037465 (1037466) | I30: 275/30R20V XL | J30: IW01 | K30: 4 | L30: L | M30: B | N30: - | O30: HK | P30: T02 | Q30: 60 (200) | R30: 01/26 월 | S30: RE/DS H138 | T30: Expand | U30: P47 | V30: U36 | W30: S25 | X30: U35 (C) | Y30: DR75090 | Z30: 신제작 | AA30: 284 | AB30: S24 | AC30: B89 | AD30: DN69466 | AE30: 신제작 | AF30: 85 | AG30: 498 | AH30: 1955 | AI30: FY25212 | AJ30: 345 | AK30: 380 | AL30: FS00766 | AM30: ET10203 | AN30: 540 | AO30: 90 | AP30: - | AQ30: - | AR30: - | AS30: - | AT30: FHB0431 | AU30: ES10262 | AV30: 250 | AW30: 30 | AX30: FX28017 | AY30: ES10262 | AZ30: 240 | BA30: 30 | BB30: ET10151 | BC30: 60 | BD30: - | BE30: - | BF30: - | BG30: - | BH30: - | BI30: STOS | BJ30: - | BK30: - | BM30: 20 | BN30: [정규용] 25800 25801 (개조중) | BO30: BG07BP | BP30: CA04K15 | BQ30: 47M | BS30: GU29105 | BT30: GW21496 | BU30: AT115 | BV30: 1622 | BX30: Ware Ware | BY30: 대광 | BZ30: =A30&LEFT(H30,7)&P30 -> 41037465T02 | CA30: =A30&LEFT(H30,7) -> 41037465 | CB30: ="2026-"&LEFT(R30,2)&"-"&MID(R30,4,2)&"T"&LEFT(H30,7) -> 2026-01-26T1037465 | CC30: =IFERROR(VLOOKUP(CB30,'양시 실적'!A:I,4,FALSE),"") -> H132C | CD30: =IFERROR(SUMIFS('양시 실적'!I:I,'양시 실적'!B:B,양시!CA30),"") -> 55 | CE30: =IF(CD30<>0,IFERROR(MID(I30,FIND("R",I30)+1,2),""),"") -> 20 | CF30: SC : 추가 성형 취소 | CG30: ="KT"&LEFT(H30,7)&"T000"&RIGHT(P30,2) -> KT1037465T00002 | CH30: =IFERROR(VLOOKUP(CG30,Status_0526!F:BK,58,FALSE),"") -> Re_Mass | CJ30: =IFERROR(VLOOKUP(BZ30,양시요청!EV:EZ,5,FALSE),"") -> 0
A31: 4 | B31: RE | C31: 이수현 | D31: 김노연 | E31: DS | F31: 2026010294 | G31: JF5 | H31: 1037794 | I31: 265/50R19V XL | J31: W340A | K31: 4 | L31: L | M31: B | N31: - | O31: HK | P31: T00 | Q31: 60 (200) | R31: 01/27 화 | S31: RE/DS H186 | T31: Expand | U31: P42 | V31: U36 | W31: S25 | X31: U35 (C) | Y31: DR75088 | Z31: 신제작 | AA31: 266 | AB31: S24 | AC31: B89 | AD31: DN69465 | AE31: 신제작 | AF31: 155 | AG31: 752 | AH31: 2195 | AI31: FY25034 | AJ31: 490 | AK31: 455 | AL31: FX29248 | AM31: ET10416 | AN31: 620 | AO31: 90 | AP31: FX27532 | AQ31: ET10416 | AR31: 520 | AS31: 90 | AT31: FHB0045 | AU31: ES10262 | AV31: 230 | AW31: 27 | AX31: FX27899 | AY31: ES10262 | AZ31: 220 | BA31: 27 | BB31: ET10121 | BC31: - | BD31: - | BE31: - | BF31: - | BG31: - | BH31: - | BI31: TREAD | BJ31: - | BK31: - | BM31: 19 | BN31: [정규용] 25H95 25H96 | BO31: BG32BU | BP31: CE09H12 | BQ31: 48L | BS31: GU28445 | BT31: GW21965 | BU31: AT235 | BV31: 1546 | BX31: Ware Ware | BY31: SYT | BZ31: =A31&LEFT(H31,7)&P31 -> 41037794T00 | CA31: =A31&LEFT(H31,7) -> 41037794 | CB31: ="2026-"&LEFT(R31,2)&"-"&MID(R31,4,2)&"T"&LEFT(H31,7) -> 2026-01-27T1037794 | CC31: =IFERROR(VLOOKUP(CB31,'양시 실적'!A:I,4,FALSE),"") -> H186C | CD31: =IFERROR(SUMIFS('양시 실적'!I:I,'양시 실적'!B:B,양시!CA31),"") -> 194 | CE31: =IF(CD31<>0,IFERROR(MID(I31,FIND("R",I31)+1,2),""),"") -> 19 | CF31: - | CG31: ="KT"&LEFT(H31,7)&"T000"&RIGHT(P31,2) -> KT1037794T00000 | CH31: =IFERROR(VLOOKUP(CG31,Status_0526!F:BK,58,FALSE),"") -> OK | CJ31: =IFERROR(VLOOKUP(BZ31,양시요청!EV:EZ,5,FALSE),"") -> 0
